{"stat.drop.minecraft.stone_pickaxe":1,"stat.mineBlock.quark.jasper":2,"stat.pickup.minecraft.bone":2,"stat.leaveGame":3,"stat.pickup.minecraft.gravel":20,"stat.pickup.minecraft.arrow":3,"stat.pickup.raw_ores.raw_iron":32,"stat.pickup.minecraft.stone_pickaxe":3,"stat.pickup.minecraft.flint":1,"stat.craftItem.tombstone.grave_key":1,"stat.pickup.quark.jasper":16,"stat.killEntity.vampirism.vampire":1,"stat.mineBlock.minecraft.sandstone":1,"stat.drop.minecraft.iron_pickaxe":2,"stat.pickup.bigreactors.oreyellorite":3,"stat.swimOneCm":28758,"stat.jump":421,"stat.pickup.minecraft.coal":65,"stat.craftItem.minecraft.shield":1,"stat.fallOneCm":8691,"stat.climbOneCm":220,"stat.useItem.minecraft.stone_axe":13,"stat.useItem.thermalfoundation.ore":1,"stat.crouchOneCm":1768,"stat.craftItem.minecraft.iron_ingot":17,"stat.craftItem.minecraft.torch":4,"stat.pickup.minecraft.dirt":6,"stat.useItem.minecraft.stone_slab2":11,"stat.pickup.minecraft.bow":1,"stat.craftingTableInteraction":9,"stat.pickup.minecraft.sand":6,"stat.craftItem.minecraft.furnace":2,"stat.pickup.iceandfire.silver_ore":5,"stat.pickup.thermalfoundation.ore":31,"stat.craftItem.minecraft.stone_axe":1,"tombstone:sneak_grave":2,"stat.mineBlock.minecraft.leaves2":5,"stat.mineBlock.minecraft.log2":7,"stat.pickup.taiga.dilithium_crystal":9,"stat.damageTaken":644,"stat.useItem.quark.cooked_crab_leg":2,"stat.craftItem.minecraft.stone_pickaxe":2,"stat.mineBlock.minecraft.torch":7,"stat.useItem.minecraft.wooden_pickaxe":26,"stat.pickup.minecraft.cobblestone":161,"stat.craftItem.minecraft.wooden_sword":1,"stat.pickup.minecraft.log2":7,"stat.mineBlock.caves_and_cliffs.copper_ore":1,"stat.craftItem.minecraft.stone_sword":1,"stat.flyOneCm":29403,"stat.pickup.minecraft.bed":1,"stat.pickup.minecraft.sandstone":4,"tombstone:undead_killed":1,"stat.pickup.conarm.book":1,"stat.mineBlock.minecraft.sand":6,"stat.mineBlock.minecraft.gravel":12,"stat.useItem.minecraft.stone_pickaxe":276,"stat.useItem.minecraft.stone_sword":5,"stat.damageDealt":738,"stat.pickup.minecraft.redstone":13,"stat.timeSinceDeath":8151,"stat.useItem.minecraft.crafting_table":1,"stat.mineBlock.minecraft.dirt":3,"stat.craftItem.quark.cooked_crab_leg":2,"stat.useItem.minecraft.iron_pickaxe":88,"stat.craftItem.minecraft.wooden_pickaxe":1,"stat.entityKilledBy.vampirism.vampire":1,"stat.craftItem.thermalfoundation.armor.helmet_tin":1,"stat.walkOneCm":176942,"stat.useItem.minecraft.torch":7,"stat.pickup.minecraft.stick":1,"stat.mineBlock.iceandfire.silver_ore":5,"stat.pickup.minecraft.crafting_table":3,"stat.pickup.thermalfoundation.material":16,"stat.pickup.mekanism.oreblock":55,"stat.mineBlock.thermalfoundation.ore":33,"stat.craftItem.thermalfoundation.armor.boots_tin":1,"stat.useItem.minecraft.cobblestone":14,"stat.craftItem.minecraft.crafting_table":1,"stat.furnaceInteraction":27,"stat.mineBlock.minecraft.coal_ore":60,"stat.mineBlock.quark.stone_speleothem":1,"stat.craftItem.mekanism.ingot":2,"stat.craftItem.thermalfoundation.material":18,"stat.pickup.minecraft.log":5,"stat.pickup.raw_ores.raw_gold":3,"stat.craftItem.thermalfoundation.armor.plate_tin":1,"stat.pickup.quark.crab_leg":2,"stat.pickup.minecraft.iron_pickaxe":2,"stat.pickup.tombstone.crafting_ingredient":1,"stat.craftItem.minecraft.stone_slab2":0,"stat.pickup.minecraft.sapling":1,"stat.pickup.minecraft.ender_pearl":1,"stat.sprintOneCm":29508,"stat.craftItem.minecraft.stick":16,"stat.craftItem.minecraft.wooden_axe":1,"stat.mineBlock.mekanism.oreblock":51,"stat.mineBlock.thermalfoundation.ore_fluid":16,"stat.killEntity.Skeleton":1,"stat.craftItem.minecraft.bucket":1,"stat.craftItem.minecraft.planks":48,"stat.mineBlock.minecraft.crafting_table":2,"stat.pickup.minecraft.stone_sword":1,"stat.useItem.quark.jasper":4,"stat.mobKills":3,"stat.mineBlock.minecraft.log":5,"stat.mineBlock.taiga.dilithium_ore":5,"stat.mineBlock.bigreactors.oreyellorite":3,"stat.deaths":2,"stat.drop":3,"stat.pickup.minecraft.diamond":1,"stat.mineBlock.minecraft.leaves":2,"stat.playOneMinute":62675,"stat.useItem.minecraft.wooden_sword":10,"stat.pickup.minecraft.torch":7,"stat.mineBlock.minecraft.redstone_ore":3,"stat.sneakTime":544,"stat.craftItem.minecraft.iron_pickaxe":1,"stat.useItem.minecraft.wooden_axe":12,"stat.mineBlock.minecraft.stone":191,"stat.mineBlock.minecraft.tallgrass":2,"stat.diveOneCm":77954,"stat.useItem.minecraft.sandstone":2}