{"stat.pickup.tconstruct.book":1,"stat.useItem.croparia.orange":2,"stat.pickup.minecraft.bone":1,"stat.pickup.iceandfire.fire_dragon_flesh":4,"stat.entityKilledBy.stymphalianbird":1,"stat.useItem.minecraft.iron_axe":9,"stat.leaveGame":2,"stat.mineBlock.minecraft.cobblestone":8,"stat.useItem.iceandfire.dragonbone_sword":106,"stat.pickup.iceandfire.dragonbone_sword":1,"stat.pickup.minecraft.leather_chestplate":1,"stat.pickup.tconstruct.edible":24,"stat.killEntity.vampirism.vampire":1,"stat.useItem.croparia.lemon":1,"stat.useItem.minecraft.mutton":5,"stat.swimOneCm":60381,"stat.climbOneCm":5541,"stat.useItem.minecraft.planks":3,"stat.pickup.minecraft.cooked_porkchop":18,"stat.pickup.minecraft.porkchop":13,"stat.pickup.tconstruct.slimesling":1,"stat.pickup.minecraft.sticky_piston":1,"stat.useItem.minecraft.stone_slab2":9,"stat.pickup.croparia.seed_crop_coal":1,"stat.pickup.minecraft.rotten_flesh":19,"stat.pickup.minecraft.sand":3,"stat.flyOneCm":288337,"stat.mineBlock.minecraft.sand":1,"stat.pickup.quark.tallow":14,"stat.timeSinceDeath":24497,"stat.pickup.securitycraft.keypad_item":1,"stat.entityKilledBy.vampirism.vampire":1,"stat.pickup.minecraft.mutton":10,"stat.craftItem.minecraft.bed":2,"stat.mineBlock.minecraft.vine":2,"stat.pickup.thermalfoundation.material":20,"stat.mineBlock.thermalfoundation.ore":1,"stat.pickup.minecraft.stonebrick":5,"stat.furnaceInteraction":5,"stat.mineBlock.botania.flower":1,"stat.useItem.minecraft.cooked_porkchop":11,"stat.killEntity.Creeper":1,"stat.talkedToVillager":5,"stat.pickup.minecraft.string":4,"stat.pickup.croparia.lemon":1,"stat.useItem.minecraft.cooked_mutton":3,"stat.pickup.tombstone.crafting_ingredient":1,"stat.craftItem.minecraft.stone_slab2":0,"stat.sprintOneCm":270748,"stat.pickup.minecraft.stone_stairs":1,"stat.mineBlock.minecraft.crafting_table":1,"stat.useItem.minecraft.diamond_pickaxe":35,"stat.pickup.botania.flower":1,"stat.deaths":5,"stat.mineBlock.minecraft.planks":1,"stat.drop":10,"stat.playOneMinute":80129,"stat.drop.tombstone.grave_key":1,"stat.killEntity.Sheep":6,"stat.pickup.tombstone.grave_key":1,"stat.killEntity.Zombie":6,"stat.mineBlock.minecraft.tallgrass":2,"stat.craftItem.minecraft.cooked_mutton":4,"stat.diveOneCm":77674,"stat.pickup.iceandfire.dragonbone_bow":1,"stat.chestOpened":25,"stat.pickup.minecraft.gravel":4,"stat.pickup.minecraft.arrow":1,"stat.pickup.iceandfire.dragonbone_arrow":44,"stat.pickup.minecraft.gold_nugget":2,"stat.drop.minecraft.cooked_porkchop":7,"stat.jump":1203,"stat.pickup.minecraft.cooked_chicken":3,"stat.fallOneCm":31474,"stat.drop.minecraft.stone":8,"stat.crouchOneCm":2934,"stat.pickup.minecraft.spider_eye":1,"stat.useItem.minecraft.cooked_chicken":3,"stat.craftingTableInteraction":3,"stat.pickup.iceandfire.fire_dragon_heart":1,"stat.boatOneCm":14294,"tombstone:sneak_grave":1,"stat.damageTaken":-2147481194,"stat.pickup.thermalfoundation.armor.plate_tin":1,"stat.killEntity.tconstruct.blueslime":21,"stat.pickup.theoneprobe.probenote":1,"stat.pickup.minecraft.planks":4,"stat.pickup.minecraft.iron_leggings":1,"stat.pickup.minecraft.bed":1,"tombstone:undead_killed":6,"stat.pickup.conarm.book":1,"stat.pickup.minecraft.wheat_seeds":3,"stat.pickup.minecraft.potato":1,"stat.entityKilledBy.Zombie":1,"stat.mineBlock.minecraft.gravel":1,"stat.damageDealt":5164,"stat.sleepInBed":2,"stat.useItem.iceandfire.dragonbone_bow":30,"stat.killEntity.Pig":5,"stat.walkOneCm":302668,"stat.useItem.minecraft.bread":1,"stat.playerKills":1,"stat.pickup.minecraft.diamond_pickaxe":1,"stat.pickup.minecraft.crafting_table":1,"stat.craftItem.minecraft.crafting_table":1,"stat.useItem.minecraft.gravel":2,"stat.craftItem.minecraft.boat":1,"stat.pickup.minecraft.log":9,"stat.drop.minecraft.leather_chestplate":1,"stat.pickup.iceandfire.tide_green_boots":1,"stat.pickup.minecraft.stone":8,"stat.pickup.croparia.orange":2,"stat.mineBlock.thermalfoundation.ore_fluid":20,"stat.mineBlock.iceandfire.goldpile":1,"stat.mineBlock.minecraft.stonebrick":5,"stat.craftItem.minecraft.planks":24,"stat.pickup.guideapi.vampirism-guide":1,"stat.pickup.minecraft.diamond_helmet":1,"stat.pickup.iceandfire.dragonscales_green":21,"stat.killEntity.Spider":2,"stat.mobKills":43,"stat.useItem.minecraft.stonebrick":2,"stat.mineBlock.minecraft.log":6,"stat.pickup.croparia.cherry":2,"stat.useItem.carryon.entity_item":1,"stat.pickup.iceandfire.dragonbone":11,"stat.useItem.minecraft.boat":1,"stat.pickup.minecraft.water_bucket":1,"stat.mineBlock.minecraft.leaves":1,"stat.pickup.tconstruct.slime_boots":1,"stat.sneakTime":1076,"stat.pickup.minecraft.wool":6,"stat.useItem.minecraft.baked_potato":2,"stat.killEntity.firedragon":1}