{"stat.pickup.tconstruct.book":1,"stat.useItem.croparia.orange":2,"stat.pickup.minecraft.bone":1,"stat.craftItem.minecraft.cooked_rabbit":1,"stat.pickup.iceandfire.fire_dragon_flesh":4,"stat.drop.rats.cooked_rat":1,"stat.entityKilledBy.stymphalianbird":1,"stat.useItem.minecraft.iron_axe":10,"stat.leaveGame":2,"stat.mineBlock.minecraft.cobblestone":8,"stat.useItem.iceandfire.dragonbone_sword":126,"stat.pickup.iceandfire.dragonbone_sword":1,"stat.pickup.minecraft.leather_chestplate":1,"stat.pickup.tconstruct.edible":24,"stat.killEntity.vampirism.vampire":2,"stat.useItem.croparia.lemon":1,"stat.useItem.minecraft.mutton":5,"stat.pickup.rats.rat_pelt":1,"stat.swimOneCm":73232,"stat.climbOneCm":5541,"stat.useItem.minecraft.planks":3,"stat.pickup.minecraft.cooked_porkchop":18,"stat.pickup.minecraft.porkchop":13,"stat.pickup.tconstruct.slimesling":1,"stat.pickup.minecraft.sticky_piston":1,"stat.useItem.minecraft.stone_slab2":11,"stat.pickup.croparia.seed_crop_coal":1,"stat.pickup.minecraft.rotten_flesh":21,"stat.pickup.minecraft.sand":3,"stat.flyOneCm":357505,"stat.mineBlock.minecraft.sand":1,"stat.pickup.quark.tallow":14,"stat.timeSinceDeath":6694,"stat.pickup.securitycraft.keypad_item":1,"stat.entityKilledBy.vampirism.vampire":1,"stat.pickup.minecraft.mutton":10,"stat.craftItem.minecraft.bed":2,"stat.pickup.iceandfire.armor_green_leggings":1,"stat.mineBlock.minecraft.vine":2,"stat.pickup.thermalfoundation.material":20,"stat.mineBlock.thermalfoundation.ore":1,"stat.pickup.minecraft.stonebrick":6,"stat.furnaceInteraction":16,"stat.mineBlock.botania.flower":1,"stat.useItem.minecraft.cooked_porkchop":13,"stat.killEntity.Creeper":1,"stat.talkedToVillager":5,"stat.pickup.minecraft.string":4,"stat.pickup.croparia.lemon":1,"stat.useItem.minecraft.cooked_mutton":4,"stat.pickup.tombstone.crafting_ingredient":2,"stat.craftItem.minecraft.stone_slab2":0,"stat.pickup.iceandfire.armor_green_boots":1,"stat.sprintOneCm":300627,"stat.pickup.minecraft.stone_stairs":1,"stat.mineBlock.minecraft.crafting_table":2,"stat.useItem.minecraft.diamond_pickaxe":35,"stat.waystones:waystonesActivated":1,"stat.pickup.botania.flower":1,"stat.deaths":6,"stat.mineBlock.minecraft.planks":1,"stat.drop":11,"stat.playOneMinute":98129,"stat.drop.tombstone.grave_key":1,"stat.killEntity.Sheep":6,"stat.pickup.tombstone.grave_key":1,"stat.pickup.minecraft.slime_ball":1,"stat.killEntity.Zombie":7,"stat.mineBlock.minecraft.tallgrass":2,"stat.craftItem.minecraft.cooked_mutton":5,"stat.diveOneCm":100633,"stat.pickup.iceandfire.dragonbone_bow":1,"stat.chestOpened":25,"stat.pickup.rats.raw_rat":6,"stat.entityKilledBy.seaserpent":1,"stat.killEntity.quark:crab":1,"stat.pickup.minecraft.gravel":4,"stat.pickup.minecraft.arrow":1,"stat.pickup.iceandfire.dragonbone_arrow":44,"stat.craftItem.minecraft.cooked_porkchop":9,"stat.pickup.minecraft.gold_nugget":2,"stat.drop.minecraft.cooked_porkchop":7,"stat.pickup.minecraft.stone_brick_stairs":1,"stat.jump":1427,"stat.pickup.minecraft.cooked_chicken":3,"stat.fallOneCm":38261,"stat.drop.minecraft.stone":8,"stat.crouchOneCm":3434,"stat.pickup.minecraft.spider_eye":1,"stat.useItem.minecraft.cooked_chicken":3,"stat.craftingTableInteraction":5,"stat.pickup.iceandfire.fire_dragon_heart":1,"stat.boatOneCm":190817,"tombstone:sneak_grave":1,"stat.damageTaken":-2147480832,"stat.pickup.thermalfoundation.armor.plate_tin":1,"stat.killEntity.tconstruct.blueslime":21,"stat.pickup.theoneprobe.probenote":1,"stat.pickup.minecraft.planks":4,"stat.pickup.minecraft.iron_leggings":1,"stat.pickup.minecraft.bed":1,"tombstone:undead_killed":7,"stat.pickup.conarm.book":1,"stat.pickup.minecraft.wheat_seeds":3,"stat.pickup.minecraft.potato":1,"stat.entityKilledBy.Zombie":1,"stat.mineBlock.minecraft.gravel":1,"stat.pickup.iceandfire.armor_green_chestplate":1,"stat.damageDealt":6126,"stat.killEntity.Rabbit":1,"stat.sleepInBed":2,"stat.useItem.iceandfire.dragonbone_bow":33,"stat.craftItem.minecraft.baked_potato":5,"stat.pickup.iceandfire.armor_green_helmet":1,"stat.killEntity.Pig":5,"stat.walkOneCm":328514,"stat.useItem.minecraft.bread":1,"stat.playerKills":1,"stat.pickup.minecraft.diamond_pickaxe":1,"stat.pickup.minecraft.crafting_table":2,"stat.craftItem.minecraft.crafting_table":3,"stat.useItem.minecraft.gravel":2,"stat.craftItem.minecraft.boat":3,"stat.pickup.minecraft.log":12,"stat.drop.minecraft.leather_chestplate":1,"stat.pickup.iceandfire.tide_green_boots":1,"stat.pickup.minecraft.stone":8,"stat.pickup.croparia.orange":2,"stat.mineBlock.thermalfoundation.ore_fluid":20,"stat.mineBlock.iceandfire.goldpile":1,"stat.mineBlock.minecraft.stonebrick":5,"stat.craftItem.minecraft.planks":48,"stat.pickup.guideapi.vampirism-guide":1,"stat.pickup.minecraft.diamond_helmet":1,"stat.pickup.iceandfire.dragonscales_green":21,"stat.killEntity.Spider":3,"stat.mobKills":48,"stat.useItem.minecraft.stonebrick":2,"stat.mineBlock.minecraft.log":9,"stat.pickup.croparia.cherry":2,"stat.useItem.carryon.entity_item":1,"stat.pickup.iceandfire.dragonbone":11,"stat.useItem.minecraft.boat":3,"stat.pickup.minecraft.water_bucket":1,"stat.mineBlock.minecraft.leaves":1,"stat.pickup.tconstruct.slime_boots":1,"stat.sneakTime":1237,"stat.pickup.minecraft.wool":6,"stat.pickup.minecraft.rabbit":1,"stat.useItem.minecraft.baked_potato":2,"stat.killEntity.firedragon":1,"stat.pickup.minecraft.stone_slab":1,"stat.craftItem.rats.cooked_rat":6}