{"stat.pickup.tconstruct.book":1,"stat.cakeSlicesEaten":1,"stat.useItem.croparia.orange":2,"stat.pickup.minecraft.bone":1,"stat.craftItem.minecraft.cooked_rabbit":1,"stat.pickup.iceandfire.fire_dragon_flesh":4,"stat.drop.rats.cooked_rat":1,"stat.entityKilledBy.stymphalianbird":1,"stat.useItem.minecraft.iron_axe":52,"stat.leaveGame":3,"stat.mineBlock.minecraft.cobblestone":8,"stat.useItem.iceandfire.dragonbone_sword":172,"stat.pickup.iceandfire.dragonbone_sword":1,"stat.pickup.minecraft.leather_chestplate":1,"stat.pickup.tconstruct.edible":27,"stat.killEntity.vampirism.vampire":2,"stat.useItem.croparia.lemon":1,"stat.useItem.minecraft.mutton":5,"stat.pickup.rats.rat_pelt":1,"stat.swimOneCm":106051,"stat.climbOneCm":11427,"stat.useItem.minecraft.planks":3,"stat.pickup.minecraft.cooked_porkchop":18,"stat.pickup.minecraft.porkchop":13,"stat.pickup.minecraft.glass":129,"stat.pickup.tconstruct.slimesling":1,"stat.pickup.minecraft.sticky_piston":1,"stat.useItem.minecraft.stone_slab2":14,"stat.pickup.croparia.seed_crop_coal":2,"stat.pickup.minecraft.rotten_flesh":24,"stat.pickup.minecraft.sand":3,"stat.pickup.iceandfire.jar_empty":4,"stat.pickup.croparia.pear":1,"stat.flyOneCm":604978,"stat.mineBlock.minecraft.sand":69,"stat.pickup.quark.tallow":14,"stat.timeSinceDeath":44188,"stat.pickup.securitycraft.keypad_item":1,"stat.entityKilledBy.vampirism.vampire":1,"stat.pickup.minecraft.mutton":14,"stat.craftItem.minecraft.bed":2,"stat.pickup.iceandfire.armor_green_leggings":1,"stat.mineBlock.minecraft.vine":2,"stat.mineBlock.chisel.marble2":3,"stat.pickup.thermalfoundation.material":24,"stat.mineBlock.thermalfoundation.ore":5,"stat.pickup.minecraft.stonebrick":6,"stat.furnaceInteraction":16,"stat.drop.minecraft.gravel":2,"stat.mineBlock.botania.flower":8,"stat.useItem.minecraft.cooked_porkchop":20,"stat.killEntity.Creeper":1,"stat.talkedToVillager":10,"stat.pickup.minecraft.string":5,"stat.pickup.croparia.lemon":1,"stat.useItem.minecraft.cooked_mutton":4,"stat.pickup.tombstone.crafting_ingredient":3,"stat.entityKilledBy.Skeleton":1,"stat.craftItem.minecraft.stone_slab2":0,"stat.pickup.iceandfire.armor_green_boots":1,"stat.sprintOneCm":450135,"stat.pickup.rats.plastic_waste":1,"stat.pickup.minecraft.stone_stairs":1,"stat.pickup.appliedenergistics2.smooth_sky_stone_block":29,"stat.mineBlock.minecraft.crafting_table":2,"stat.useItem.minecraft.diamond_pickaxe":149,"stat.waystones:waystonesActivated":1,"stat.useItem.rats.cooked_rat":5,"stat.pickup.botania.flower":8,"stat.deaths":13,"stat.mineBlock.minecraft.planks":1,"stat.drop":13,"stat.playOneMinute":150995,"stat.drop.tombstone.grave_key":1,"stat.killEntity.Sheep":9,"stat.pickup.tombstone.grave_key":1,"stat.pickup.minecraft.slime_ball":2,"stat.pickup.iceandfire.jar_pixie":1,"stat.killEntity.Zombie":13,"stat.pickup.minecraft.iron_bars":1,"stat.pickup.chisel.marble2":4,"stat.mineBlock.minecraft.tallgrass":7,"stat.craftItem.minecraft.cooked_mutton":5,"stat.diveOneCm":136474,"stat.pickup.iceandfire.dragonbone_bow":1,"stat.chestOpened":27,"stat.pickup.rats.raw_rat":6,"stat.useItem.minecraft.cooked_rabbit":1,"stat.entityKilledBy.seaserpent":4,"stat.killEntity.quark:crab":1,"stat.pickup.minecraft.gravel":6,"stat.pickup.minecraft.arrow":3,"stat.pickup.raw_ores.raw_iron":13,"stat.pickup.iceandfire.dragonbone_arrow":44,"stat.craftItem.minecraft.cooked_porkchop":9,"stat.mineBlock.appliedenergistics2.sky_stone_block":33,"stat.pickup.minecraft.gold_nugget":2,"stat.drop.minecraft.cooked_porkchop":7,"stat.pickup.minecraft.stone_brick_stairs":1,"stat.jump":2409,"stat.pickup.minecraft.cooked_chicken":3,"stat.fallOneCm":62502,"stat.drop.minecraft.stone":9,"stat.pickup.minecraft.carrot":23,"stat.crouchOneCm":5047,"stat.pickup.minecraft.spider_eye":1,"stat.useItem.minecraft.cooked_chicken":3,"stat.craftingTableInteraction":6,"stat.mineBlock.rats.garbage_pile":1,"stat.pickup.iceandfire.fire_dragon_heart":1,"stat.pickup.iceandfire.shiny_scales":5,"stat.boatOneCm":353486,"stat.mineBlock.minecraft.iron_bars":1,"tombstone:sneak_grave":1,"stat.mineBlock.minecraft.leaves2":67,"stat.damageTaken":-2147478877,"stat.pickup.minecraft.feather":5,"stat.pickup.thermalfoundation.armor.plate_tin":1,"stat.mineBlock.iceandfire.pixie_house":1,"stat.killEntity.tconstruct.blueslime":21,"stat.pickup.theoneprobe.probenote":1,"stat.pickup.minecraft.planks":4,"stat.pickup.minecraft.iron_leggings":1,"stat.pickup.minecraft.prismarine_crystals":1,"stat.pickup.minecraft.bed":1,"tombstone:undead_killed":14,"stat.useItem.tombstone.grave_key":1,"stat.pickup.conarm.book":1,"stat.pickup.minecraft.wheat_seeds":3,"stat.pickup.minecraft.potato":1,"stat.entityKilledBy.Zombie":1,"stat.mineBlock.minecraft.gravel":3,"stat.pickup.iceandfire.armor_green_chestplate":1,"stat.killEntity.axolotl":1,"stat.damageDealt":8772,"stat.killEntity.Rabbit":1,"stat.sleepInBed":2,"stat.useItem.iceandfire.dragonbone_bow":33,"stat.craftItem.minecraft.baked_potato":5,"stat.pickup.iceandfire.armor_green_helmet":1,"stat.mineBlock.minecraft.dirt":1,"stat.killEntity.Pig":5,"stat.pickup.minecraft.boat":2,"stat.walkOneCm":443021,"stat.useItem.minecraft.bread":1,"stat.playerKills":1,"stat.pickup.minecraft.diamond_pickaxe":1,"stat.pickup.minecraft.crafting_table":2,"stat.craftItem.minecraft.crafting_table":4,"stat.useItem.minecraft.gravel":2,"stat.mineBlock.minecraft.double_plant":1,"stat.craftItem.minecraft.boat":4,"stat.pickup.minecraft.log":17,"stat.drop.minecraft.leather_chestplate":1,"stat.pickup.iceandfire.tide_green_boots":1,"stat.pickup.minecraft.stone":10,"stat.pickup.minecraft.chicken":4,"stat.pickup.minecraft.sapling":7,"stat.pickup.croparia.orange":2,"stat.mineBlock.thermalfoundation.ore_fluid":20,"stat.killEntity.Skeleton":1,"stat.mineBlock.iceandfire.goldpile":1,"stat.mineBlock.minecraft.stonebrick":5,"stat.craftItem.minecraft.planks":52,"stat.killEntity.Chicken":4,"stat.pickup.guideapi.vampirism-guide":1,"stat.pickup.minecraft.diamond_helmet":1,"stat.pickup.iceandfire.dragonscales_green":21,"stat.killEntity.Spider":4,"stat.mobKills":65,"stat.useItem.minecraft.stonebrick":2,"stat.mineBlock.minecraft.log":14,"stat.pickup.croparia.cherry":2,"stat.useItem.carryon.entity_item":3,"stat.pickup.iceandfire.dragonbone":11,"stat.pickup.iceandfire.pixie_house":1,"stat.useItem.minecraft.boat":5,"stat.pickup.minecraft.water_bucket":1,"stat.mineBlock.minecraft.leaves":9,"stat.pickup.tconstruct.slime_boots":1,"stat.sneakTime":2030,"stat.pickup.minecraft.wool":8,"stat.pickup.minecraft.rabbit":1,"stat.useItem.minecraft.baked_potato":2,"stat.killEntity.firedragon":1,"stat.killEntity.siren":1,"stat.pickup.minecraft.stone_slab":1,"stat.craftItem.rats.cooked_rat":6,"stat.mineBlock.minecraft.stone":1}