{"stat.pickup.tconstruct.book":1,"stat.useItem.croparia.orange":2,"stat.pickup.minecraft.bone":1,"stat.entityKilledBy.stymphalianbird":1,"stat.useItem.minecraft.iron_axe":9,"stat.leaveGame":2,"stat.mineBlock.minecraft.cobblestone":8,"stat.useItem.iceandfire.dragonbone_sword":74,"stat.pickup.iceandfire.dragonbone_sword":1,"stat.pickup.minecraft.leather_chestplate":1,"stat.pickup.tconstruct.edible":14,"stat.killEntity.vampirism.vampire":1,"stat.useItem.croparia.lemon":1,"stat.useItem.minecraft.mutton":5,"stat.swimOneCm":51463,"stat.climbOneCm":5411,"stat.useItem.minecraft.planks":3,"stat.pickup.minecraft.cooked_porkchop":18,"stat.pickup.minecraft.porkchop":13,"stat.pickup.tconstruct.slimesling":1,"stat.useItem.minecraft.stone_slab2":9,"stat.pickup.croparia.seed_crop_coal":1,"stat.pickup.minecraft.rotten_flesh":15,"stat.flyOneCm":240231,"stat.pickup.quark.tallow":14,"stat.timeSinceDeath":12497,"stat.pickup.securitycraft.keypad_item":1,"stat.entityKilledBy.vampirism.vampire":1,"stat.pickup.minecraft.mutton":10,"stat.craftItem.minecraft.bed":2,"stat.mineBlock.minecraft.vine":2,"stat.mineBlock.thermalfoundation.ore":1,"stat.pickup.minecraft.stonebrick":4,"stat.furnaceInteraction":1,"stat.mineBlock.botania.flower":1,"stat.useItem.minecraft.cooked_porkchop":11,"stat.killEntity.Creeper":1,"stat.talkedToVillager":4,"stat.pickup.minecraft.string":2,"stat.pickup.croparia.lemon":1,"stat.pickup.tombstone.crafting_ingredient":1,"stat.sprintOneCm":251551,"stat.pickup.minecraft.stone_stairs":1,"stat.mineBlock.minecraft.crafting_table":1,"stat.useItem.minecraft.diamond_pickaxe":14,"stat.pickup.botania.flower":1,"stat.deaths":5,"stat.mineBlock.minecraft.planks":1,"stat.drop":10,"stat.playOneMinute":68129,"stat.drop.tombstone.grave_key":1,"stat.killEntity.Sheep":6,"stat.pickup.tombstone.grave_key":1,"stat.killEntity.Zombie":6,"stat.mineBlock.minecraft.tallgrass":2,"stat.diveOneCm":61343,"stat.pickup.iceandfire.dragonbone_bow":1,"stat.chestOpened":25,"stat.pickup.minecraft.gravel":4,"stat.pickup.minecraft.arrow":1,"stat.pickup.iceandfire.dragonbone_arrow":43,"stat.pickup.minecraft.gold_nugget":2,"stat.drop.minecraft.cooked_porkchop":7,"stat.jump":1028,"stat.pickup.minecraft.cooked_chicken":3,"stat.fallOneCm":31257,"stat.drop.minecraft.stone":8,"stat.crouchOneCm":2371,"stat.pickup.minecraft.spider_eye":1,"stat.useItem.minecraft.cooked_chicken":3,"stat.craftingTableInteraction":3,"stat.boatOneCm":14294,"tombstone:sneak_grave":1,"stat.damageTaken":-2147481382,"stat.pickup.thermalfoundation.armor.plate_tin":1,"stat.killEntity.tconstruct.blueslime":14,"stat.pickup.theoneprobe.probenote":1,"stat.pickup.minecraft.planks":4,"stat.pickup.minecraft.iron_leggings":1,"stat.pickup.minecraft.bed":1,"tombstone:undead_killed":6,"stat.pickup.conarm.book":1,"stat.pickup.minecraft.wheat_seeds":3,"stat.pickup.minecraft.potato":1,"stat.entityKilledBy.Zombie":1,"stat.mineBlock.minecraft.gravel":1,"stat.damageDealt":3744,"stat.sleepInBed":2,"stat.useItem.iceandfire.dragonbone_bow":4,"stat.killEntity.Pig":5,"stat.walkOneCm":253330,"stat.useItem.minecraft.bread":1,"stat.pickup.minecraft.diamond_pickaxe":1,"stat.pickup.minecraft.crafting_table":1,"stat.craftItem.minecraft.crafting_table":1,"stat.useItem.minecraft.gravel":2,"stat.craftItem.minecraft.boat":1,"stat.pickup.minecraft.log":6,"stat.drop.minecraft.leather_chestplate":1,"stat.pickup.iceandfire.tide_green_boots":1,"stat.pickup.minecraft.stone":8,"stat.pickup.croparia.orange":2,"stat.mineBlock.iceandfire.goldpile":1,"stat.mineBlock.minecraft.stonebrick":4,"stat.craftItem.minecraft.planks":24,"stat.pickup.guideapi.vampirism-guide":1,"stat.pickup.minecraft.diamond_helmet":1,"stat.killEntity.Spider":1,"stat.mobKills":34,"stat.useItem.minecraft.stonebrick":2,"stat.mineBlock.minecraft.log":6,"stat.pickup.croparia.cherry":2,"stat.useItem.minecraft.boat":1,"stat.pickup.minecraft.water_bucket":1,"stat.mineBlock.minecraft.leaves":1,"stat.pickup.tconstruct.slime_boots":1,"stat.sneakTime":880,"stat.pickup.minecraft.wool":6,"stat.useItem.minecraft.baked_potato":2}