{"stat.pickup.tconstruct.book":1,"stat.useItem.croparia.orange":1,"stat.pickup.minecraft.bone":2,"stat.pickup.minecraft.stone_pressure_plate":1,"stat.entityKilledBy.stymphalianbird":2,"stat.leaveGame":7,"stat.mineBlock.quark.variant_leaves":3,"stat.mineBlock.minecraft.cobblestone":4,"stat.pickup.minecraft.stone_pickaxe":1,"stat.craftItem.tombstone.grave_key":1,"stat.pickup.tconstruct.edible":34,"stat.pickup.howlingmoon.wolfsbane":1,"stat.useItem.croparia.lemon":3,"stat.mineBlock.minecraft.sandstone":13,"stat.mineBlock.minecraft.stained_glass_pane":6,"stat.useItem.minecraft.mutton":3,"stat.mineBlock.minecraft.stained_glass":2,"stat.swimOneCm":62534,"stat.pickup.quark.glass_shards":4,"stat.climbOneCm":4955,"stat.drop.minecraft.cobblestone":2,"stat.drop.minecraft.feather":2,"stat.pickup.minecraft.porkchop":38,"stat.pickup.vampirism.blood_bottle":1,"stat.useItem.minecraft.stone_slab2":25,"stat.pickup.croparia.fruit_coal":4,"stat.pickup.croparia.seed_crop_coal":10,"stat.pickup.minecraft.iron_boots":1,"stat.mineBlock.minecraft.stone_brick_stairs":1,"stat.pickup.minecraft.rotten_flesh":5,"stat.pickup.rats.garbage_pile":3,"stat.craftItem.minecraft.furnace":2,"stat.useItem.rats.garbage_pile":1,"stat.pickup.thermalfoundation.ore":5,"stat.drop.theoneprobe.probenote":1,"stat.craftItem.minecraft.stone_axe":1,"stat.craftItem.minecraft.stone_pickaxe":1,"stat.pickup.croparia.pear":1,"stat.pickup.minecraft.cobblestone":47,"stat.pickup.minecraft.leather_boots":1,"stat.flyOneCm":587613,"stat.pickup.minecraft.sandstone":13,"stat.pickup.minecraft.glass_bottle":3,"stat.entityKilledBy.firedragon":2,"stat.pickup.quark.tallow":33,"stat.timeSinceDeath":6711,"stat.hopperInspected":2,"stat.pickup.minecraft.stained_hardened_clay":1,"stat.craftItem.minecraft.wooden_pickaxe":1,"stat.entityKilledBy.vampirism.vampire":1,"stat.drop.minecraft.spider_eye":9,"stat.pickup.minecraft.mutton":3,"stat.craftItem.minecraft.bed":1,"stat.useItem.croparia.pear":1,"stat.useItem.minecraft.potato":14,"stat.pickup.thermalfoundation.material":3,"stat.mineBlock.thermalfoundation.ore":5,"stat.pickup.minecraft.stonebrick":1,"stat.furnaceInteraction":8,"stat.pickup.croparia.kiwi":3,"stat.mineBlock.botania.flower":8,"stat.mineBlock.minecraft.coal_ore":34,"stat.talkedToVillager":3,"stat.craftItem.thermalfoundation.material":2,"stat.pickup.minecraft.string":5,"stat.useItem.tconstruct.edible":26,"stat.pickup.croparia.lemon":3,"stat.pickup.minecraft.furnace":1,"stat.drop.howlingmoon.potion_wolfsbane":3,"stat.useItem.minecraft.written_book":1,"stat.mineBlock.minecraft.stained_hardened_clay":1,"stat.sprintOneCm":335759,"stat.pickup.howlingmoon.moonstone":1,"stat.craftItem.minecraft.stick":16,"stat.craftItem.minecraft.wooden_axe":1,"stat.pickup.rats.plastic_waste":1,"stat.mineBlock.minecraft.crafting_table":5,"stat.killEntity.Husk":2,"stat.pickup.botania.flower":7,"stat.useItem.croparia.kiwi":3,"stat.mineBlock.howlingmoon.wolfsbane":1,"stat.deaths":9,"stat.drop":24,"stat.playOneMinute":152087,"stat.mineBlock.minecraft.stone_pressure_plate":1,"stat.killEntity.Sheep":4,"stat.killEntity.Zombie":3,"stat.drop.minecraft.glass_bottle":5,"stat.entityKilledBy.rat":1,"stat.mineBlock.minecraft.tallgrass":30,"stat.diveOneCm":57370,"stat.chestOpened":37,"stat.pickup.raw_ores.raw_iron":4,"stat.pickup.minecraft.iron_sword":1,"stat.useItem.minecraft.apple":2,"stat.craftItem.thermalfoundation.tool.bow_copper":1,"stat.pickup.howlingmoon.potion_wolfsbane":4,"stat.useItem.howlingmoon.potion_wolfsbane":1,"stat.useItem.minecraft.porkchop":31,"stat.useItem.minecraft.potion":1,"stat.pickup.minecraft.stone_brick_stairs":3,"stat.jump":3105,"stat.pickup.minecraft.coal":57,"stat.fallOneCm":93181,"stat.useItem.minecraft.stone_axe":48,"stat.crouchOneCm":277,"stat.pickup.minecraft.spider_eye":15,"stat.craftItem.minecraft.iron_ingot":1,"stat.craftItem.minecraft.chest":2,"stat.craftItem.minecraft.torch":24,"stat.pickup.minecraft.dirt":2,"stat.craftingTableInteraction":14,"stat.mineBlock.rats.garbage_pile":4,"stat.useItem.minecraft.sapling":3,"stat.damageTaken":3878,"stat.pickup.minecraft.feather":5,"stat.killEntity.tconstruct.blueslime":32,"stat.mineBlock.minecraft.furnace":1,"stat.mineBlock.minecraft.torch":1,"stat.useItem.minecraft.wooden_pickaxe":21,"stat.pickup.minecraft.planks":11,"stat.pickup.minecraft.bed":1,"stat.cauldronUsed":1,"tombstone:undead_killed":6,"stat.pickup.minecraft.wheat_seeds":1,"stat.pickup.minecraft.potato":17,"stat.entityKilledBy.Zombie":1,"stat.useItem.minecraft.stone_pickaxe":89,"stat.damageDealt":4356,"stat.sleepInBed":2,"stat.useItem.croparia.apricot":2,"stat.mineBlock.minecraft.dirt":1,"stat.killEntity.Pig":17,"stat.entityKilledBy.if_cockatrice":1,"stat.craftItem.minecraft.iron_sword":1,"stat.walkOneCm":464996,"stat.useItem.minecraft.torch":16,"stat.useItem.minecraft.bread":4,"stat.useItem.minecraft.chest":1,"stat.drop.botania.flower":1,"stat.pickup.minecraft.crafting_table":5,"stat.useItem.minecraft.log":10,"stat.useItem.minecraft.cobblestone":23,"stat.craftItem.minecraft.crafting_table":1,"stat.pickup.minecraft.log":29,"stat.useItem.minecraft.cooked_fish":3,"stat.drop.minecraft.chicken":1,"stat.pickup.croparia.apricot":4,"stat.pickup.minecraft.stone":1,"stat.pickup.minecraft.chicken":5,"stat.killEntity.vampirism.advanced_vampire":1,"stat.pickup.minecraft.sapling":5,"stat.pickup.minecraft.ender_pearl":1,"stat.useItem.croparia.banana":5,"stat.pickup.croparia.orange":1,"stat.killEntity.Skeleton":1,"stat.pickup.minecraft.beetroot":1,"stat.craftItem.minecraft.planks":28,"stat.useItem.minecraft.iron_sword":90,"stat.killEntity.Chicken":4,"stat.useItem.croparia.fruit_coal":4,"stat.killEntity.Spider":3,"stat.pickup.croparia.banana":5,"stat.mobKills":67,"stat.mineBlock.minecraft.log":28,"stat.mineBlock.minecraft.leaves":1,"stat.pickup.minecraft.torch":30,"stat.pickup.quark.variant_sapling":3,"stat.sneakTime":852,"stat.pickup.minecraft.wool":3,"stat.useItem.minecraft.wooden_axe":28,"stat.mineBlock.minecraft.stone":46,"stat.useItem.minecraft.beetroot":1}