{"stat.pickup.tconstruct.book":1,"stat.useItem.croparia.orange":1,"stat.pickup.minecraft.stone_pressure_plate":1,"stat.leaveGame":6,"stat.mineBlock.quark.variant_leaves":3,"stat.mineBlock.minecraft.cobblestone":4,"stat.pickup.minecraft.stone_pickaxe":1,"stat.craftItem.tombstone.grave_key":1,"stat.pickup.tconstruct.edible":20,"stat.pickup.howlingmoon.wolfsbane":1,"stat.useItem.croparia.lemon":3,"stat.mineBlock.minecraft.sandstone":13,"stat.mineBlock.minecraft.stained_glass_pane":6,"stat.useItem.minecraft.mutton":3,"stat.mineBlock.minecraft.stained_glass":2,"stat.swimOneCm":26846,"stat.pickup.quark.glass_shards":4,"stat.climbOneCm":2426,"stat.drop.minecraft.cobblestone":2,"stat.drop.minecraft.feather":2,"stat.pickup.minecraft.porkchop":25,"stat.pickup.vampirism.blood_bottle":1,"stat.useItem.minecraft.stone_slab2":22,"stat.pickup.croparia.fruit_coal":4,"stat.pickup.croparia.seed_crop_coal":10,"stat.pickup.minecraft.iron_boots":1,"stat.mineBlock.minecraft.stone_brick_stairs":1,"stat.pickup.minecraft.rotten_flesh":5,"stat.pickup.rats.garbage_pile":3,"stat.craftItem.minecraft.furnace":2,"stat.useItem.rats.garbage_pile":1,"stat.pickup.thermalfoundation.ore":5,"stat.drop.theoneprobe.probenote":1,"stat.craftItem.minecraft.stone_axe":1,"stat.craftItem.minecraft.stone_pickaxe":1,"stat.pickup.minecraft.cobblestone":47,"stat.pickup.minecraft.leather_boots":1,"stat.flyOneCm":394706,"stat.pickup.minecraft.sandstone":13,"stat.entityKilledBy.firedragon":2,"stat.pickup.quark.tallow":23,"stat.timeSinceDeath":37319,"stat.hopperInspected":2,"stat.pickup.minecraft.stained_hardened_clay":1,"stat.craftItem.minecraft.wooden_pickaxe":1,"stat.entityKilledBy.vampirism.vampire":1,"stat.pickup.minecraft.mutton":3,"stat.craftItem.minecraft.bed":1,"stat.pickup.thermalfoundation.material":3,"stat.mineBlock.thermalfoundation.ore":5,"stat.furnaceInteraction":8,"stat.pickup.croparia.kiwi":1,"stat.mineBlock.botania.flower":6,"stat.mineBlock.minecraft.coal_ore":34,"stat.talkedToVillager":2,"stat.craftItem.thermalfoundation.material":2,"stat.pickup.minecraft.string":5,"stat.useItem.tconstruct.edible":20,"stat.pickup.croparia.lemon":3,"stat.pickup.minecraft.furnace":1,"stat.useItem.minecraft.written_book":1,"stat.mineBlock.minecraft.stained_hardened_clay":1,"stat.sprintOneCm":235115,"stat.craftItem.minecraft.stick":16,"stat.craftItem.minecraft.wooden_axe":1,"stat.pickup.rats.plastic_waste":1,"stat.mineBlock.minecraft.crafting_table":5,"stat.killEntity.Husk":2,"stat.pickup.botania.flower":5,"stat.useItem.croparia.kiwi":1,"stat.mineBlock.howlingmoon.wolfsbane":1,"stat.deaths":6,"stat.drop":7,"stat.playOneMinute":113600,"stat.mineBlock.minecraft.stone_pressure_plate":1,"stat.killEntity.Sheep":4,"stat.killEntity.Zombie":2,"stat.mineBlock.minecraft.tallgrass":26,"stat.diveOneCm":31895,"stat.chestOpened":27,"stat.pickup.raw_ores.raw_iron":4,"stat.pickup.minecraft.iron_sword":1,"stat.useItem.minecraft.apple":2,"stat.craftItem.thermalfoundation.tool.bow_copper":1,"stat.useItem.minecraft.porkchop":25,"stat.pickup.minecraft.stone_brick_stairs":1,"stat.jump":2135,"stat.pickup.minecraft.coal":57,"stat.fallOneCm":63142,"stat.useItem.minecraft.stone_axe":48,"stat.crouchOneCm":26,"stat.pickup.minecraft.spider_eye":3,"stat.craftItem.minecraft.iron_ingot":1,"stat.craftItem.minecraft.chest":2,"stat.craftItem.minecraft.torch":24,"stat.pickup.minecraft.dirt":1,"stat.craftingTableInteraction":13,"stat.mineBlock.rats.garbage_pile":4,"stat.useItem.minecraft.sapling":3,"stat.damageTaken":2809,"stat.pickup.minecraft.feather":2,"stat.killEntity.tconstruct.blueslime":14,"stat.mineBlock.minecraft.furnace":1,"stat.mineBlock.minecraft.torch":1,"stat.useItem.minecraft.wooden_pickaxe":21,"stat.pickup.minecraft.planks":11,"stat.pickup.minecraft.bed":1,"tombstone:undead_killed":4,"stat.entityKilledBy.Zombie":1,"stat.useItem.minecraft.stone_pickaxe":89,"stat.damageDealt":2867,"stat.sleepInBed":2,"stat.useItem.croparia.apricot":2,"stat.killEntity.Pig":11,"stat.entityKilledBy.if_cockatrice":1,"stat.craftItem.minecraft.iron_sword":1,"stat.walkOneCm":338638,"stat.useItem.minecraft.torch":15,"stat.useItem.minecraft.bread":2,"stat.useItem.minecraft.chest":1,"stat.drop.botania.flower":1,"stat.pickup.minecraft.crafting_table":5,"stat.useItem.minecraft.log":10,"stat.useItem.minecraft.cobblestone":23,"stat.craftItem.minecraft.crafting_table":1,"stat.pickup.minecraft.log":28,"stat.useItem.minecraft.cooked_fish":3,"stat.drop.minecraft.chicken":1,"stat.pickup.croparia.apricot":2,"stat.pickup.minecraft.stone":1,"stat.pickup.minecraft.chicken":2,"stat.killEntity.vampirism.advanced_vampire":1,"stat.pickup.minecraft.sapling":5,"stat.pickup.minecraft.ender_pearl":1,"stat.useItem.croparia.banana":5,"stat.pickup.croparia.orange":1,"stat.craftItem.minecraft.planks":28,"stat.useItem.minecraft.iron_sword":47,"stat.killEntity.Chicken":1,"stat.useItem.croparia.fruit_coal":4,"stat.killEntity.Spider":3,"stat.pickup.croparia.banana":5,"stat.mobKills":38,"stat.mineBlock.minecraft.log":28,"stat.mineBlock.minecraft.leaves":1,"stat.pickup.minecraft.torch":30,"stat.pickup.quark.variant_sapling":3,"stat.sneakTime":573,"stat.pickup.minecraft.wool":3,"stat.useItem.minecraft.wooden_axe":28,"stat.mineBlock.minecraft.stone":46}