{"stat.mineBlock.quark.roots_white_flower":7,"stat.drop.iceandfire.dragonbone_sword":1,"stat.useItem.minecraft.quartz_block":1,"stat.craftItem.iceandfire.armor_bronze_chestplate":1,"stat.pickup.iceandfire.fire_dragon_flesh":11,"stat.leaveGame":6,"stat.pickup.quark.limestone":2,"stat.pickup.tconstruct.edible":11,"stat.craftItem.botania.lexicon":1,"stat.killEntity.vampirism.vampire":19,"stat.mineBlock.minecraft.sandstone":40,"stat.mineBlock.minecraft.web":10,"stat.pickup.minecraft.rotten_flesh":37,"stat.craftItem.minecraft.stone_axe":2,"stat.pickup.iceandfire.witherbone":8,"stat.useItem.botania.flower":17,"stat.killEntity.Enderman":1,"stat.pickup.croparia.pear":1,"stat.pickup.minecraft.leather_boots":1,"stat.killEntity.if_cockatrice":5,"stat.useItem.appliedenergistics2.smooth_sky_stone_block":1,"stat.pickup.quark.tallow":5,"stat.useItem.minecraft.iron_pickaxe":183,"stat.craftItem.minecraft.wooden_pickaxe":2,"stat.entityKilledBy.vampirism.vampire":1,"stat.useItem.minecraft.iron_shovel":12,"stat.drop.minecraft.chainmail_leggings":1,"stat.craftItem.minecraft.bed":1,"stat.pickup.appliedenergistics2.sky_stone_block":54,"stat.mineBlock.minecraft.vine":22,"stat.mineBlock.chisel.marble2":13,"stat.pickup.thermalfoundation.material":31,"stat.furnaceInteraction":102,"stat.useItem.minecraft.golden_carrot":5,"stat.mineBlock.botania.flower":101,"stat.killEntity.ZombieVillager":2,"stat.drop.minecraft.red_flower":5,"stat.pickup.botania.livingwood":31,"stat.pickup.quark.crab_leg":3,"stat.pickup.minecraft.beef":28,"stat.pickup.minecraft.leather_helmet":1,"stat.pickup.howlingmoon.moonstone":2,"stat.craftItem.botania.pool":1,"stat.useItem.minecraft.wheat_seeds":2,"stat.killEntity.Husk":3,"stat.useItem.rats.cooked_rat":1,"stat.useItem.botania.twigwand":140,"stat.deaths":37,"stat.drop.securitycraft.keypad_item":1,"stat.craftItem.minecraft.iron_pickaxe":1,"stat.pickup.chisel.marble2":13,"stat.killEntity.thermalfoundation.blitz":2,"stat.craftItem.botania.livingwood":16,"stat.mineBlock.minecraft.tallgrass":94,"stat.craftItem.minecraft.cooked_mutton":9,"stat.chestOpened":57,"stat.useItem.minecraft.stone":13,"stat.pickup.minecraft.arrow":23,"stat.pickup.iceandfire.blindfold":1,"stat.pickup.quark.jasper":49,"stat.pickup.minecraft.gold_nugget":96,"stat.pickup.minecraft.carrot":180,"stat.drop.minecraft.stone_sword":2,"stat.useItem.minecraft.rabbit":1,"stat.crouchOneCm":23915,"stat.craftItem.minecraft.iron_ingot":31,"stat.craftingTableInteraction":97,"stat.mineBlock.minecraft.log2":45,"stat.useItem.chisel.marble2":2,"stat.mineBlock.caves_and_cliffs.copper_ore":4,"stat.pickup.minecraft.planks":21,"stat.pickup.chisel.limestone2":13,"stat.pickup.minecraft.wheat_seeds":21,"stat.useItem.iceandfire.dragonbone_bow":2,"stat.useItem.croparia.apricot":3,"stat.mineBlock.minecraft.dirt":33,"stat.craftItem.iceandfire.dragonbone_pickaxe":1,"stat.useItem.minecraft.bread":1,"stat.drop.minecraft.rotten_flesh":10,"stat.drop.minecraft.porkchop":1,"stat.useItem.minecraft.cobblestone":30,"stat.mineBlock.minecraft.double_plant":5,"stat.pickup.minecraft.iron_pickaxe":1,"stat.craftItem.minecraft.gold_ingot":14,"stat.pickup.minecraft.chicken":9,"stat.killEntity.vampirism.advanced_vampire":1,"stat.pickup.minecraft.apple":1,"stat.useItem.botania.livingwood1slab":12,"stat.craftItem.minecraft.bucket":2,"stat.craftItem.minecraft.planks":152,"stat.pickup.iceandfire.dragonscales_green":29,"stat.useItem.minecraft.stonebrick":53,"stat.pickup.minecraft.book":3,"stat.mineBlock.minecraft.log":56,"stat.pickup.croparia.cherry":1,"stat.mineBlock.minecraft.waterlily":1,"stat.pickup.iceandfire.dragonbone":51,"stat.pickup.iceandfire.siren_tear":1,"stat.killEntity.BabySkeleton":2,"stat.pickup.minecraft.red_flower":3,"stat.drop.botania.twigwand":1,"stat.pickup.minecraft.wool":20,"stat.killEntity.siren":4,"stat.mineBlock.quark.jasper":35,"stat.useItem.minecraft.iron_axe":69,"stat.useItem.thermalfoundation.tool.shovel_tin":64,"stat.mineBlock.minecraft.cobblestone":46,"stat.killEntity.gorgon":3,"stat.pickup.howlingmoon.wolfsbane":5,"stat.craftItem.minecraft.wool":1,"stat.useItem.croparia.lemon":2,"stat.mineBlock.appliedenergistics2.quartz_ore":3,"stat.useItem.appliedenergistics2.sky_stone_brick":4,"stat.pickup.minecraft.cooked_porkchop":7,"stat.pickup.iceandfire.sea_serpent_scales_green":28,"stat.pickup.vampirism.blood_bottle":1,"stat.useItem.minecraft.stone_slab2":75,"stat.pickup.croparia.seed_crop_coal":6,"stat.pickup.minecraft.bow":3,"stat.pickup.minecraft.iron_boots":1,"stat.killEntity.deathworm":1,"stat.craftItem.minecraft.furnace":6,"stat.pickup.thermalfoundation.ore":3,"stat.craftItem.minecraft.iron_boots":1,"stat.mineBlock.minecraft.clay":2,"stat.flyOneCm":2431100,"stat.pickup.minecraft.sandstone":33,"stat.useItem.botania.livingwood":8,"stat.timeSinceDeath":86630,"stat.pickup.vampirism.vampire_book":1,"stat.mineBlock.botania.livingwood":31,"stat.useItem.minecraft.potato":7,"stat.killEntity.seaserpent":3,"stat.pickup.minecraft.nether_wart":2,"stat.mineBlock.minecraft.coal_ore":54,"stat.killEntity.Creeper":8,"stat.pickup.minecraft.shield":1,"stat.talkedToVillager":5,"stat.pickup.iceandfire.sea_serpent_fang":17,"stat.pickup.botania.manaresource":1,"stat.pickup.minecraft.string":36,"stat.pickup.tombstone.crafting_ingredient":7,"stat.entityKilledBy.Skeleton":3,"stat.sprintOneCm":1002187,"stat.mineBlock.minecraft.stone_slab":5,"stat.craftItem.thermalfoundation.armor.legs_tin":1,"stat.pickup.appliedenergistics2.smooth_sky_stone_block":10,"stat.drop.tombstone.grave_key":2,"stat.pickup.tombstone.grave_key":1,"stat.killEntity.Zombie":57,"stat.pickup.iceandfire.chared_dirt":5,"stat.diveOneCm":400311,"stat.craftItem.minecraft.slime_ball":8,"stat.pickup.minecraft.wheat":4,"stat.mineBlock.minecraft.mossy_cobblestone":8,"stat.entityKilledBy.seaserpent":14,"stat.pickup.iceandfire.dragonscales_bronze":13,"stat.craftItem.iceandfire.armor_green_helmet":1,"stat.pickup.raw_ores.raw_iron":32,"stat.craftItem.minecraft.cooked_porkchop":10,"stat.craftItem.botania.altar":1,"stat.pickup.mekanismtools.lapislazulihelmet":1,"stat.mineBlock.botania.spreader":7,"stat.craftItem.iceandfire.wither_shard":9,"stat.jump":7395,"stat.pickup.minecraft.coal":123,"stat.pickup.minecraft.iron_ingot":4,"stat.pickup.minecraft.gunpowder":6,"stat.craftItem.minecraft.torch":24,"stat.pickup.minecraft.dirt":74,"stat.pickup.rats.cooked_rat":1,"stat.pickup.iceandfire.fire_dragon_heart":2,"stat.useItem.minecraft.sapling":1,"stat.pickup.iceandfire.iceandfire.deathworm_egg":1,"stat.damageTaken":-2147470069,"stat.useItem.minecraft.stone_brick_stairs":2,"stat.craftItem.iceandfire.armor_green_leggings":1,"stat.mineBlock.minecraft.torch":11,"stat.killEntity.tconstruct.blueslime":4,"stat.pickup.minecraft.log2":48,"stat.mineBlock.minecraft.sandstone_stairs":2,"stat.drop.tconstruct.slimesling":1,"stat.craftItem.thermalfoundation.tool.shovel_tin":1,"stat.pickup.minecraft.bed":1,"stat.killEntity.hippogryph":1,"stat.pickup.minecraft.quartz_block":4,"stat.pickup.botania.spreader":7,"stat.pickup.minecraft.potato":161,"stat.useItem.forge.bucketfilled":12,"stat.pickup.minecraft.rabbit_hide":1,"stat.entityKilledBy.Zombie":2,"stat.entityKilledBy.if_cockatrice":1,"stat.drop.botania.petal":5,"stat.craftItem.minecraft.stone_slab":6,"stat.drop.minecraft.wheat":2,"stat.useItem.croparia.cherry":1,"stat.craftItem.iceandfire.tide_green_boots":2,"stat.pickup.caves_and_cliffs.copper_ore":8,"stat.pickup.minecraft.ender_pearl":1,"stat.pickup.croparia.orange":2,"stat.drop.iceandfire.jar_pixie":1,"stat.mineBlock.minecraft.stonebrick":64,"stat.mineBlock.waystones.waystone":3,"stat.pickup.minecraft.dark_oak_stairs":1,"stat.mobKills":226,"stat.mineBlock.minecraft.bookshelf":1,"stat.mineBlock.taiga.dilithium_ore":3,"stat.pickup.iceandfire.gorgon_head":3,"stat.useItem.minecraft.boat":2,"stat.craftItem.botania.spreader":1,"stat.pickup.minecraft.torch":11,"stat.killEntity.firedragon":1,"stat.pickup.botania.livingrock":6,"stat.craftItem.iceandfire.dragonbone_arrow":45,"stat.useItem.iceandfire.fire_dragon_flesh":11,"stat.useItem.iceandfire.dragonbone_sword":948,"stat.pickup.iceandfire.dragonbone_sword":1,"stat.useItem.minecraft.soul_sand":3,"stat.craftItem.minecraft.iron_axe":1,"stat.drop.minecraft.shield":1,"stat.useItem.minecraft.mutton":8,"stat.useItem.minecraft.planks":9,"stat.craftItem.iceandfire.armor_bronze_helmet":1,"stat.craftItem.iceandfire.armor_green_chestplate":1,"stat.pickup.minecraft.porkchop":8,"stat.craftItem.iceandfire.jar_empty":9,"stat.pickup.minecraft.glass":64,"stat.useItem.minecraft.water_bucket":28,"stat.mineBlock.minecraft.stone_brick_stairs":1,"stat.pickup.minecraft.sand":67,"stat.craftItem.minecraft.stone_sword":3,"stat.useItem.minecraft.ender_pearl":1,"stat.entityKilledBy.firedragon":4,"stat.mineBlock.minecraft.sand":73,"stat.useItem.rats.cheese":8,"stat.craftItem.minecraft.golden_carrot":13,"stat.pickup.iceandfire.dragon_skull":6,"stat.craftItem.thermalfoundation.material":22,"stat.craftItem.thermalfoundation.armor.plate_tin":1,"stat.pickup.croparia.lemon":2,"stat.useItem.minecraft.cooked_mutton":11,"stat.pickup.minecraft.stone_stairs":2,"stat.mineBlock.minecraft.soul_sand":2,"stat.craftItem.minecraft.heavy_weighted_pressure_plate":1,"stat.playOneMinute":349312,"stat.craftItem.securitycraft.keypad_item":1,"stat.pickup.minecraft.iron_bars":4,"stat.killEntity.quark:crab":3,"stat.craftItem.iceandfire.dragonbone_sword":2,"stat.mineBlock.appliedenergistics2.sky_stone_block":61,"stat.fallOneCm":168711,"stat.craftItem.minecraft.chest":1,"stat.mineBlock.botania.livingrock":6,"stat.useItem.mekanism.oreblock":10,"stat.mineBlock.quark.limestone":3,"stat.pickup.minecraft.feather":8,"stat.drop.minecraft.bone":4,"stat.useItem.minecraft.furnace":3,"stat.mineBlock.botania.pool":2,"stat.pickup.botania.twigwand":1,"stat.mineBlock.minecraft.gravel":5,"stat.useItem.minecraft.stone_pickaxe":91,"stat.pickup.waystones.waystone":3,"stat.useItem.minecraft.stone_sword":132,"stat.craftItem.minecraft.iron_leggings":3,"stat.killEntity.Rabbit":1,"stat.useItem.minecraft.wool":2,"stat.drop.iceandfire.jar_empty":4,"stat.pickup.minecraft.chainmail_boots":1,"stat.pickup.botania.specialflower":1,"stat.drop.minecraft.stick":1,"stat.mineBlock.minecraft.quartz_stairs":4,"stat.pickup.mekanism.ingot":3,"stat.useItem.minecraft.torch":62,"stat.drop.botania.flower":7,"stat.useItem.minecraft.log":25,"stat.pickup.minecraft.crafting_table":2,"stat.craftItem.minecraft.crafting_table":13,"stat.craftItem.minecraft.boat":1,"stat.pickup.minecraft.log":55,"stat.drop.minecraft.stonebrick":1,"stat.pickup.croparia.apricot":3,"stat.craftItem.minecraft.stone_button":8,"stat.pickup.usefulbackpacks.backpack":1,"stat.craftItem.usefulbackpacks.backpack":3,"stat.drop.minecraft.planks":5,"stat.pickup.minecraft.chainmail_leggings":1,"stat.pickup.minecraft.sapling":18,"stat.craftItem.botania.livingwood1slab":18,"stat.mineBlock.iceandfire.goldpile":21,"stat.craftItem.appliedenergistics2.sky_stone_brick":5,"stat.useItem.croparia.fruit_coal":1,"stat.pickup.quark.root":2,"stat.pickup.croparia.banana":1,"stat.useItem.quark.jasper":24,"stat.craftItem.minecraft.cooked_chicken":9,"stat.pickup.iceandfire.sea_serpent_scales_purple":11,"stat.sneakTime":10898,"stat.pickup.minecraft.rabbit":1,"stat.craftItem.botania.twigwand":1,"stat.useItem.minecraft.baked_potato":2,"stat.pickup.minecraft.stone_slab":12,"stat.pickup.minecraft.yellow_flower":5,"stat.killEntity.Hunter":1,"stat.drop.minecraft.stone_pickaxe":1,"stat.pickup.minecraft.bone":21,"stat.useItem.croparia.orange":1,"stat.pickup.conarm.helmet":1,"stat.craftItem.botania.petal":54,"stat.craftItem.tconstruct.slimesling":2,"stat.swimOneCm":232902,"stat.climbOneCm":11402,"stat.mineBlock.quark.roots":2,"stat.useItem.minecraft.dirt":18,"stat.pickup.croparia.fruit_coal":3,"stat.entityKilledBy.vampirism.vampire_hunter":1,"stat.craftItem.iceandfire.dragonbone_bow":1,"stat.craftItem.minecraft.stone_pickaxe":2,"stat.pickup.minecraft.cobblestone":165,"stat.pickup.minecraft.quartz_stairs":4,"stat.mineBlock.chisel.limestone2":13,"stat.pickup.minecraft.soul_sand":2,"stat.pickup.appliedenergistics2.material":6,"stat.drop.minecraft.wheat_seeds":1,"stat.pickup.minecraft.redstone":4,"stat.pickup.bigreactors.ingotgraphite":2,"stat.pickup.minecraft.mutton":30,"stat.pickup.minecraft.mossy_cobblestone":7,"stat.useItem.croparia.pear":1,"stat.drop.minecraft.iron_bars":2,"stat.mineBlock.thermalfoundation.ore":4,"stat.pickup.minecraft.stonebrick":64,"stat.drop.minecraft.dirt":12,"stat.pickup.mekanism.salt":18,"stat.useItem.minecraft.cooked_porkchop":15,"stat.drop.iceandfire.tide_green_boots":1,"stat.useItem.tconstruct.edible":1,"stat.craftItem.tconstruct.slime_boots":2,"stat.craftItem.minecraft.stone_slab2":0,"stat.craftItem.botania.manaresource":6,"stat.pickup.minecraft.sandstone_stairs":2,"stat.craftItem.minecraft.stick":36,"stat.mineBlock.mekanism.oreblock":44,"stat.pickup.quark.crab_shell":4,"stat.useItem.minecraft.stone_slab":4,"stat.craftItem.minecraft.stone":27,"stat.craftItem.minecraft.gold_nugget":108,"stat.mineBlock.minecraft.crafting_table":3,"stat.useItem.minecraft.diamond_pickaxe":44,"stat.mineBlock.minecraft.quartz_block":4,"stat.useItem.minecraft.carrot":38,"stat.pickup.botania.flower":111,"stat.mineBlock.howlingmoon.wolfsbane":5,"stat.mineBlock.minecraft.planks":1,"stat.drop":45,"stat.killEntity.Sheep":24,"stat.pickup.iceandfire.jar_pixie":1,"stat.mineBlock.botania.doubleflower2":1,"stat.mineBlock.botania.doubleflower1":4,"stat.pickup.minecraft.gravel":5,"stat.useItem.minecraft.apple":5,"stat.mineBlock.minecraft.deadbush":2,"stat.useItem.minecraft.porkchop":1,"stat.pickup.minecraft.stone_brick_stairs":5,"stat.drop.minecraft.cooked_porkchop":2,"stat.useItem.minecraft.stone_axe":83,"stat.pickup.minecraft.spider_eye":2,"stat.pickup.vampirism.vampire_fang":7,"stat.useItem.minecraft.cooked_chicken":8,"stat.drop.minecraft.glass":1,"stat.pickup.iceandfire.shiny_scales":8,"stat.pickup.tconstruct.slime_congealed":13,"stat.boatOneCm":262492,"stat.mineBlock.minecraft.iron_bars":7,"stat.mineBlock.minecraft.leaves2":23,"stat.pickup.taiga.dilithium_crystal":8,"stat.mineBlock.minecraft.stone_stairs":3,"stat.pickup.minecraft.leather":38,"stat.useItem.minecraft.wooden_pickaxe":52,"stat.pickup.minecraft.prismarine_shard":4,"stat.drop.minecraft.water_bucket":2,"stat.useItem.iceandfire.dragonbone_pickaxe":350,"stat.pickup.minecraft.reeds":15,"stat.pickup.minecraft.prismarine_crystals":9,"tombstone:undead_killed":91,"stat.useItem.tombstone.grave_key":5,"stat.damageDealt":53193,"stat.craftItem.minecraft.glass":21,"stat.sleepInBed":6,"stat.mineBlock.quark.roots_blue_flower":4,"stat.killEntity.Cow":28,"stat.killEntity.Pig":6,"stat.pickup.minecraft.boat":1,"stat.walkOneCm":529187,"stat.playerKills":2,"stat.pickup.minecraft.stick":8,"stat.craftItem.quark.custom_chest":1,"stat.pickup.mekanism.oreblock":44,"stat.pickup.minecraft.clay_ball":7,"stat.pickup.quark.root_flower":16,"stat.pickup.minecraft.stone":18,"stat.mineBlock.thermalfoundation.ore_fluid":16,"stat.killEntity.Skeleton":24,"stat.pickup.iceandfire.sea_serpent_scales_red":18,"stat.killEntity.Spider":21,"stat.pickup.minecraft.water_bucket":1,"stat.pickup.botania.pool":2,"stat.mineBlock.minecraft.leaves":40,"stat.craftItem.iceandfire.armor_green_boots":2,"stat.mineBlock.minecraft.stone":127,"stat.useItem.minecraft.sandstone":29}