{"stat.mineBlock.quark.roots_white_flower":7,"stat.drop.iceandfire.dragonbone_sword":1,"stat.useItem.minecraft.quartz_block":1,"stat.craftItem.iceandfire.armor_bronze_chestplate":1,"stat.pickup.iceandfire.fire_dragon_flesh":11,"stat.leaveGame":4,"stat.pickup.quark.limestone":2,"stat.pickup.tconstruct.edible":11,"stat.killEntity.vampirism.vampire":11,"stat.mineBlock.minecraft.sandstone":40,"stat.mineBlock.minecraft.web":10,"stat.pickup.minecraft.rotten_flesh":31,"stat.craftItem.minecraft.stone_axe":2,"stat.pickup.iceandfire.witherbone":8,"stat.useItem.botania.flower":1,"stat.killEntity.Enderman":1,"stat.pickup.croparia.pear":1,"stat.pickup.minecraft.leather_boots":1,"stat.killEntity.if_cockatrice":5,"stat.useItem.appliedenergistics2.smooth_sky_stone_block":1,"stat.pickup.quark.tallow":5,"stat.useItem.minecraft.iron_pickaxe":183,"stat.craftItem.minecraft.wooden_pickaxe":2,"stat.entityKilledBy.vampirism.vampire":1,"stat.useItem.minecraft.iron_shovel":12,"stat.drop.minecraft.chainmail_leggings":1,"stat.craftItem.minecraft.bed":1,"stat.pickup.appliedenergistics2.sky_stone_block":54,"stat.mineBlock.minecraft.vine":22,"stat.mineBlock.chisel.marble2":13,"stat.pickup.thermalfoundation.material":28,"stat.furnaceInteraction":91,"stat.mineBlock.botania.flower":41,"stat.killEntity.ZombieVillager":2,"stat.drop.minecraft.red_flower":5,"stat.pickup.quark.crab_leg":3,"stat.pickup.minecraft.leather_helmet":1,"stat.pickup.howlingmoon.moonstone":1,"stat.killEntity.Husk":2,"stat.useItem.rats.cooked_rat":1,"stat.deaths":36,"stat.drop.securitycraft.keypad_item":1,"stat.craftItem.minecraft.iron_pickaxe":1,"stat.pickup.chisel.marble2":13,"stat.killEntity.thermalfoundation.blitz":1,"stat.mineBlock.minecraft.tallgrass":81,"stat.craftItem.minecraft.cooked_mutton":9,"stat.chestOpened":51,"stat.pickup.minecraft.arrow":19,"stat.pickup.iceandfire.blindfold":1,"stat.pickup.quark.jasper":49,"stat.pickup.minecraft.gold_nugget":96,"stat.pickup.minecraft.carrot":2,"stat.drop.minecraft.stone_sword":2,"stat.useItem.minecraft.rabbit":1,"stat.crouchOneCm":18335,"stat.craftItem.minecraft.iron_ingot":31,"stat.craftingTableInteraction":77,"stat.mineBlock.minecraft.log2":44,"stat.useItem.chisel.marble2":2,"stat.mineBlock.caves_and_cliffs.copper_ore":4,"stat.pickup.minecraft.planks":11,"stat.pickup.chisel.limestone2":13,"stat.pickup.minecraft.wheat_seeds":16,"stat.useItem.iceandfire.dragonbone_bow":2,"stat.useItem.croparia.apricot":3,"stat.mineBlock.minecraft.dirt":16,"stat.craftItem.iceandfire.dragonbone_pickaxe":1,"stat.useItem.minecraft.bread":1,"stat.drop.minecraft.rotten_flesh":10,"stat.drop.minecraft.porkchop":1,"stat.useItem.minecraft.cobblestone":30,"stat.mineBlock.minecraft.double_plant":4,"stat.pickup.minecraft.iron_pickaxe":1,"stat.craftItem.minecraft.gold_ingot":12,"stat.pickup.minecraft.chicken":9,"stat.pickup.minecraft.apple":1,"stat.craftItem.minecraft.bucket":2,"stat.craftItem.minecraft.planks":140,"stat.pickup.iceandfire.dragonscales_green":29,"stat.useItem.minecraft.stonebrick":53,"stat.mineBlock.minecraft.log":18,"stat.pickup.croparia.cherry":1,"stat.mineBlock.minecraft.waterlily":1,"stat.pickup.iceandfire.dragonbone":51,"stat.pickup.iceandfire.siren_tear":1,"stat.killEntity.BabySkeleton":1,"stat.pickup.minecraft.red_flower":2,"stat.pickup.minecraft.wool":7,"stat.killEntity.siren":4,"stat.mineBlock.quark.jasper":35,"stat.mineBlock.minecraft.cobblestone":24,"stat.killEntity.gorgon":3,"stat.pickup.howlingmoon.wolfsbane":5,"stat.craftItem.minecraft.wool":1,"stat.useItem.croparia.lemon":2,"stat.mineBlock.appliedenergistics2.quartz_ore":3,"stat.useItem.appliedenergistics2.sky_stone_brick":4,"stat.pickup.minecraft.cooked_porkchop":7,"stat.pickup.iceandfire.sea_serpent_scales_green":28,"stat.useItem.minecraft.stone_slab2":53,"stat.pickup.croparia.seed_crop_coal":6,"stat.pickup.minecraft.bow":3,"stat.pickup.minecraft.iron_boots":1,"stat.killEntity.deathworm":1,"stat.craftItem.minecraft.furnace":6,"stat.pickup.thermalfoundation.ore":3,"stat.craftItem.minecraft.iron_boots":1,"stat.mineBlock.minecraft.clay":2,"stat.flyOneCm":1674312,"stat.pickup.minecraft.sandstone":33,"stat.timeSinceDeath":26775,"stat.pickup.vampirism.vampire_book":1,"stat.useItem.minecraft.potato":7,"stat.killEntity.seaserpent":3,"stat.pickup.minecraft.nether_wart":2,"stat.mineBlock.minecraft.coal_ore":54,"stat.killEntity.Creeper":6,"stat.pickup.minecraft.shield":1,"stat.talkedToVillager":4,"stat.pickup.iceandfire.sea_serpent_fang":17,"stat.pickup.minecraft.string":29,"stat.pickup.tombstone.crafting_ingredient":7,"stat.entityKilledBy.Skeleton":2,"stat.sprintOneCm":730105,"stat.mineBlock.minecraft.stone_slab":5,"stat.craftItem.thermalfoundation.armor.legs_tin":1,"stat.pickup.appliedenergistics2.smooth_sky_stone_block":10,"stat.drop.tombstone.grave_key":2,"stat.pickup.tombstone.grave_key":1,"stat.killEntity.Zombie":42,"stat.pickup.iceandfire.chared_dirt":5,"stat.diveOneCm":397631,"stat.craftItem.minecraft.slime_ball":8,"stat.mineBlock.minecraft.mossy_cobblestone":8,"stat.entityKilledBy.seaserpent":14,"stat.pickup.iceandfire.dragonscales_bronze":13,"stat.craftItem.iceandfire.armor_green_helmet":1,"stat.pickup.raw_ores.raw_iron":32,"stat.craftItem.minecraft.cooked_porkchop":10,"stat.pickup.mekanismtools.lapislazulihelmet":1,"stat.craftItem.iceandfire.wither_shard":9,"stat.jump":5583,"stat.pickup.minecraft.coal":123,"stat.pickup.minecraft.gunpowder":5,"stat.craftItem.minecraft.torch":24,"stat.pickup.minecraft.dirt":56,"stat.pickup.rats.cooked_rat":1,"stat.pickup.iceandfire.fire_dragon_heart":2,"stat.useItem.minecraft.sapling":1,"stat.pickup.iceandfire.iceandfire.deathworm_egg":1,"stat.damageTaken":-2147471460,"stat.useItem.minecraft.stone_brick_stairs":2,"stat.craftItem.iceandfire.armor_green_leggings":1,"stat.mineBlock.minecraft.torch":11,"stat.killEntity.tconstruct.blueslime":4,"stat.pickup.minecraft.log2":47,"stat.mineBlock.minecraft.sandstone_stairs":2,"stat.drop.tconstruct.slimesling":1,"stat.pickup.minecraft.bed":1,"stat.killEntity.hippogryph":1,"stat.pickup.minecraft.quartz_block":4,"stat.pickup.minecraft.potato":12,"stat.useItem.forge.bucketfilled":10,"stat.pickup.minecraft.rabbit_hide":1,"stat.entityKilledBy.Zombie":2,"stat.entityKilledBy.if_cockatrice":1,"stat.useItem.croparia.cherry":1,"stat.craftItem.iceandfire.tide_green_boots":2,"stat.pickup.caves_and_cliffs.copper_ore":8,"stat.pickup.minecraft.ender_pearl":1,"stat.pickup.croparia.orange":1,"stat.drop.iceandfire.jar_pixie":1,"stat.mineBlock.minecraft.stonebrick":64,"stat.mineBlock.waystones.waystone":1,"stat.pickup.minecraft.dark_oak_stairs":1,"stat.mobKills":137,"stat.mineBlock.taiga.dilithium_ore":3,"stat.pickup.iceandfire.gorgon_head":3,"stat.useItem.minecraft.boat":2,"stat.pickup.minecraft.torch":11,"stat.killEntity.firedragon":1,"stat.craftItem.iceandfire.dragonbone_arrow":45,"stat.useItem.iceandfire.fire_dragon_flesh":11,"stat.useItem.iceandfire.dragonbone_sword":532,"stat.pickup.iceandfire.dragonbone_sword":1,"stat.useItem.minecraft.soul_sand":3,"stat.drop.minecraft.shield":1,"stat.useItem.minecraft.mutton":8,"stat.useItem.minecraft.planks":8,"stat.craftItem.iceandfire.armor_bronze_helmet":1,"stat.craftItem.iceandfire.armor_green_chestplate":1,"stat.pickup.minecraft.porkchop":8,"stat.craftItem.iceandfire.jar_empty":9,"stat.pickup.minecraft.glass":64,"stat.useItem.minecraft.water_bucket":9,"stat.mineBlock.minecraft.stone_brick_stairs":1,"stat.pickup.minecraft.sand":1,"stat.craftItem.minecraft.stone_sword":3,"stat.useItem.minecraft.ender_pearl":1,"stat.entityKilledBy.firedragon":4,"stat.mineBlock.minecraft.sand":3,"stat.useItem.rats.cheese":8,"stat.pickup.iceandfire.dragon_skull":6,"stat.craftItem.thermalfoundation.material":22,"stat.craftItem.thermalfoundation.armor.plate_tin":1,"stat.pickup.croparia.lemon":2,"stat.useItem.minecraft.cooked_mutton":11,"stat.pickup.minecraft.stone_stairs":2,"stat.mineBlock.minecraft.soul_sand":2,"stat.craftItem.minecraft.heavy_weighted_pressure_plate":1,"stat.playOneMinute":254046,"stat.craftItem.securitycraft.keypad_item":1,"stat.pickup.minecraft.iron_bars":4,"stat.killEntity.quark:crab":3,"stat.craftItem.iceandfire.dragonbone_sword":2,"stat.mineBlock.appliedenergistics2.sky_stone_block":61,"stat.fallOneCm":160848,"stat.craftItem.minecraft.chest":1,"stat.useItem.mekanism.oreblock":10,"stat.mineBlock.quark.limestone":3,"stat.pickup.minecraft.feather":8,"stat.drop.minecraft.bone":4,"stat.useItem.minecraft.furnace":3,"stat.mineBlock.minecraft.gravel":5,"stat.useItem.minecraft.stone_pickaxe":91,"stat.pickup.waystones.waystone":1,"stat.useItem.minecraft.stone_sword":132,"stat.craftItem.minecraft.iron_leggings":3,"stat.killEntity.Rabbit":1,"stat.useItem.minecraft.wool":2,"stat.drop.iceandfire.jar_empty":4,"stat.pickup.minecraft.chainmail_boots":1,"stat.drop.minecraft.stick":1,"stat.mineBlock.minecraft.quartz_stairs":4,"stat.pickup.mekanism.ingot":3,"stat.useItem.minecraft.torch":59,"stat.drop.botania.flower":7,"stat.useItem.minecraft.log":1,"stat.pickup.minecraft.crafting_table":1,"stat.craftItem.minecraft.crafting_table":10,"stat.craftItem.minecraft.boat":1,"stat.pickup.minecraft.log":17,"stat.drop.minecraft.stonebrick":1,"stat.pickup.croparia.apricot":3,"stat.craftItem.minecraft.stone_button":8,"stat.drop.minecraft.planks":5,"stat.pickup.minecraft.chainmail_leggings":1,"stat.pickup.minecraft.sapling":15,"stat.mineBlock.iceandfire.goldpile":21,"stat.craftItem.appliedenergistics2.sky_stone_brick":5,"stat.useItem.croparia.fruit_coal":1,"stat.pickup.quark.root":2,"stat.pickup.croparia.banana":1,"stat.useItem.quark.jasper":24,"stat.craftItem.minecraft.cooked_chicken":9,"stat.pickup.iceandfire.sea_serpent_scales_purple":11,"stat.sneakTime":7476,"stat.pickup.minecraft.rabbit":1,"stat.useItem.minecraft.baked_potato":2,"stat.pickup.minecraft.stone_slab":8,"stat.pickup.minecraft.yellow_flower":5,"stat.drop.minecraft.stone_pickaxe":1,"stat.pickup.minecraft.bone":20,"stat.useItem.croparia.orange":1,"stat.pickup.conarm.helmet":1,"stat.craftItem.tconstruct.slimesling":2,"stat.swimOneCm":226323,"stat.climbOneCm":10240,"stat.mineBlock.quark.roots":2,"stat.useItem.minecraft.dirt":9,"stat.pickup.croparia.fruit_coal":3,"stat.entityKilledBy.vampirism.vampire_hunter":1,"stat.craftItem.iceandfire.dragonbone_bow":1,"stat.craftItem.minecraft.stone_pickaxe":2,"stat.pickup.minecraft.cobblestone":143,"stat.pickup.minecraft.quartz_stairs":4,"stat.mineBlock.chisel.limestone2":13,"stat.pickup.minecraft.soul_sand":2,"stat.pickup.appliedenergistics2.material":6,"stat.pickup.minecraft.redstone":4,"stat.pickup.bigreactors.ingotgraphite":2,"stat.pickup.minecraft.mutton":20,"stat.pickup.minecraft.mossy_cobblestone":7,"stat.useItem.croparia.pear":1,"stat.drop.minecraft.iron_bars":2,"stat.mineBlock.thermalfoundation.ore":4,"stat.pickup.minecraft.stonebrick":64,"stat.drop.minecraft.dirt":11,"stat.pickup.mekanism.salt":18,"stat.useItem.minecraft.cooked_porkchop":15,"stat.drop.iceandfire.tide_green_boots":1,"stat.useItem.tconstruct.edible":1,"stat.craftItem.tconstruct.slime_boots":2,"stat.craftItem.minecraft.stone_slab2":0,"stat.pickup.minecraft.sandstone_stairs":2,"stat.craftItem.minecraft.stick":32,"stat.mineBlock.mekanism.oreblock":44,"stat.pickup.quark.crab_shell":4,"stat.useItem.minecraft.stone_slab":4,"stat.mineBlock.minecraft.crafting_table":2,"stat.useItem.minecraft.diamond_pickaxe":44,"stat.mineBlock.minecraft.quartz_block":4,"stat.useItem.minecraft.carrot":2,"stat.pickup.botania.flower":50,"stat.mineBlock.howlingmoon.wolfsbane":5,"stat.drop":35,"stat.killEntity.Sheep":11,"stat.pickup.iceandfire.jar_pixie":1,"stat.mineBlock.botania.doubleflower1":3,"stat.pickup.minecraft.gravel":5,"stat.useItem.minecraft.apple":4,"stat.useItem.minecraft.porkchop":1,"stat.pickup.minecraft.stone_brick_stairs":5,"stat.drop.minecraft.cooked_porkchop":2,"stat.useItem.minecraft.stone_axe":83,"stat.pickup.minecraft.spider_eye":2,"stat.pickup.vampirism.vampire_fang":4,"stat.useItem.minecraft.cooked_chicken":8,"stat.drop.minecraft.glass":1,"stat.pickup.iceandfire.shiny_scales":8,"stat.pickup.tconstruct.slime_congealed":13,"stat.boatOneCm":262492,"stat.mineBlock.minecraft.iron_bars":7,"stat.mineBlock.minecraft.leaves2":8,"stat.pickup.taiga.dilithium_crystal":8,"stat.mineBlock.minecraft.stone_stairs":3,"stat.pickup.minecraft.leather":9,"stat.useItem.minecraft.wooden_pickaxe":52,"stat.pickup.minecraft.prismarine_shard":4,"stat.drop.minecraft.water_bucket":1,"stat.useItem.iceandfire.dragonbone_pickaxe":301,"stat.pickup.minecraft.reeds":15,"stat.pickup.minecraft.prismarine_crystals":9,"tombstone:undead_killed":65,"stat.useItem.tombstone.grave_key":5,"stat.damageDealt":37210,"stat.sleepInBed":6,"stat.mineBlock.quark.roots_blue_flower":4,"stat.killEntity.Cow":2,"stat.killEntity.Pig":6,"stat.pickup.minecraft.boat":1,"stat.walkOneCm":369096,"stat.playerKills":2,"stat.pickup.minecraft.stick":6,"stat.pickup.mekanism.oreblock":44,"stat.pickup.minecraft.clay_ball":7,"stat.pickup.quark.root_flower":16,"stat.pickup.minecraft.stone":18,"stat.mineBlock.thermalfoundation.ore_fluid":16,"stat.killEntity.Skeleton":15,"stat.pickup.iceandfire.sea_serpent_scales_red":18,"stat.killEntity.Spider":11,"stat.mineBlock.minecraft.leaves":34,"stat.craftItem.iceandfire.armor_green_boots":2,"stat.mineBlock.minecraft.stone":126,"stat.useItem.minecraft.sandstone":29}