{"stat.mineBlock.quark.roots_white_flower":7,"stat.drop.iceandfire.dragonbone_sword":1,"stat.craftItem.iceandfire.dragonbone_arrow":45,"stat.useItem.minecraft.quartz_block":1,"stat.useItem.iceandfire.fire_dragon_flesh":7,"stat.craftItem.iceandfire.armor_bronze_chestplate":1,"stat.pickup.iceandfire.fire_dragon_flesh":11,"stat.leaveGame":3,"stat.useItem.iceandfire.dragonbone_sword":436,"stat.pickup.iceandfire.dragonbone_sword":1,"stat.pickup.quark.limestone":2,"stat.useItem.minecraft.soul_sand":3,"stat.pickup.tconstruct.edible":4,"stat.killEntity.vampirism.vampire":10,"stat.mineBlock.minecraft.sandstone":40,"stat.drop.minecraft.shield":1,"stat.useItem.minecraft.mutton":8,"stat.useItem.minecraft.planks":8,"stat.mineBlock.minecraft.web":10,"stat.craftItem.iceandfire.armor_bronze_helmet":1,"stat.pickup.minecraft.porkchop":8,"stat.useItem.minecraft.water_bucket":9,"stat.mineBlock.minecraft.stone_brick_stairs":1,"stat.pickup.minecraft.rotten_flesh":27,"stat.pickup.minecraft.sand":1,"stat.craftItem.minecraft.stone_axe":2,"stat.pickup.iceandfire.witherbone":8,"stat.useItem.botania.flower":1,"stat.killEntity.Enderman":1,"stat.pickup.croparia.pear":1,"stat.pickup.minecraft.leather_boots":1,"stat.killEntity.if_cockatrice":5,"stat.craftItem.minecraft.stone_sword":3,"stat.useItem.minecraft.ender_pearl":1,"stat.entityKilledBy.firedragon":4,"stat.mineBlock.minecraft.sand":3,"stat.useItem.rats.cheese":8,"stat.useItem.appliedenergistics2.smooth_sky_stone_block":1,"stat.pickup.quark.tallow":5,"stat.useItem.minecraft.iron_pickaxe":183,"stat.craftItem.minecraft.wooden_pickaxe":2,"stat.entityKilledBy.vampirism.vampire":1,"stat.useItem.minecraft.iron_shovel":12,"stat.drop.minecraft.chainmail_leggings":1,"stat.craftItem.minecraft.bed":1,"stat.mineBlock.minecraft.vine":21,"stat.mineBlock.chisel.marble2":13,"stat.pickup.thermalfoundation.material":28,"stat.furnaceInteraction":91,"stat.mineBlock.botania.flower":17,"stat.pickup.iceandfire.dragon_skull":6,"stat.killEntity.ZombieVillager":2,"stat.drop.minecraft.red_flower":5,"stat.craftItem.thermalfoundation.material":22,"stat.craftItem.thermalfoundation.armor.plate_tin":1,"stat.pickup.quark.crab_leg":3,"stat.pickup.croparia.lemon":1,"stat.useItem.minecraft.cooked_mutton":11,"stat.pickup.minecraft.leather_helmet":1,"stat.pickup.howlingmoon.moonstone":1,"stat.pickup.minecraft.stone_stairs":2,"stat.killEntity.Husk":2,"stat.mineBlock.minecraft.soul_sand":2,"stat.craftItem.minecraft.heavy_weighted_pressure_plate":1,"stat.deaths":30,"stat.drop.securitycraft.keypad_item":1,"stat.playOneMinute":203948,"stat.craftItem.minecraft.iron_pickaxe":1,"stat.craftItem.securitycraft.keypad_item":1,"stat.pickup.minecraft.iron_bars":4,"stat.pickup.chisel.marble2":13,"stat.killEntity.thermalfoundation.blitz":1,"stat.mineBlock.minecraft.tallgrass":79,"stat.craftItem.minecraft.cooked_mutton":9,"stat.chestOpened":46,"stat.killEntity.quark:crab":3,"stat.pickup.minecraft.arrow":19,"stat.pickup.iceandfire.blindfold":1,"stat.craftItem.iceandfire.dragonbone_sword":2,"stat.mineBlock.appliedenergistics2.sky_stone_block":6,"stat.pickup.quark.jasper":49,"stat.pickup.minecraft.gold_nugget":96,"stat.fallOneCm":146434,"stat.pickup.minecraft.carrot":2,"stat.drop.minecraft.stone_sword":2,"stat.useItem.minecraft.rabbit":1,"stat.crouchOneCm":15671,"stat.craftItem.minecraft.iron_ingot":31,"stat.craftItem.minecraft.chest":1,"stat.useItem.mekanism.oreblock":10,"stat.craftingTableInteraction":72,"stat.mineBlock.minecraft.log2":44,"stat.useItem.chisel.marble2":2,"stat.mineBlock.quark.limestone":3,"stat.pickup.minecraft.feather":8,"stat.drop.minecraft.bone":4,"stat.useItem.minecraft.furnace":3,"stat.mineBlock.caves_and_cliffs.copper_ore":4,"stat.pickup.minecraft.planks":4,"stat.pickup.chisel.limestone2":13,"stat.pickup.minecraft.wheat_seeds":15,"stat.mineBlock.minecraft.gravel":5,"stat.useItem.minecraft.stone_pickaxe":91,"stat.useItem.minecraft.stone_sword":132,"stat.craftItem.minecraft.iron_leggings":2,"stat.killEntity.Rabbit":1,"stat.useItem.minecraft.wool":2,"stat.useItem.iceandfire.dragonbone_bow":2,"stat.useItem.croparia.apricot":3,"stat.mineBlock.minecraft.dirt":16,"stat.pickup.minecraft.chainmail_boots":1,"stat.craftItem.iceandfire.dragonbone_pickaxe":1,"stat.drop.minecraft.stick":1,"stat.pickup.mekanism.ingot":3,"stat.useItem.minecraft.torch":59,"stat.drop.botania.flower":7,"stat.drop.minecraft.rotten_flesh":10,"stat.drop.minecraft.porkchop":1,"stat.useItem.minecraft.log":1,"stat.pickup.minecraft.crafting_table":1,"stat.useItem.minecraft.cobblestone":30,"stat.craftItem.minecraft.crafting_table":10,"stat.mineBlock.minecraft.double_plant":4,"stat.craftItem.minecraft.boat":1,"stat.pickup.minecraft.log":12,"stat.pickup.croparia.apricot":3,"stat.pickup.minecraft.iron_pickaxe":1,"stat.craftItem.minecraft.stone_button":8,"stat.craftItem.minecraft.gold_ingot":12,"stat.drop.minecraft.planks":5,"stat.pickup.minecraft.chicken":9,"stat.pickup.minecraft.chainmail_leggings":1,"stat.pickup.minecraft.sapling":10,"stat.craftItem.minecraft.bucket":2,"stat.mineBlock.iceandfire.goldpile":21,"stat.craftItem.minecraft.planks":120,"stat.craftItem.appliedenergistics2.sky_stone_brick":5,"stat.useItem.croparia.fruit_coal":1,"stat.pickup.iceandfire.dragonscales_green":29,"stat.pickup.quark.root":2,"stat.pickup.croparia.banana":1,"stat.useItem.quark.jasper":24,"stat.useItem.minecraft.stonebrick":53,"stat.mineBlock.minecraft.log":13,"stat.pickup.croparia.cherry":1,"stat.craftItem.minecraft.cooked_chicken":9,"stat.mineBlock.minecraft.waterlily":1,"stat.pickup.iceandfire.dragonbone":51,"stat.killEntity.BabySkeleton":1,"stat.pickup.minecraft.red_flower":2,"stat.sneakTime":6607,"stat.pickup.minecraft.wool":7,"stat.pickup.minecraft.rabbit":1,"stat.useItem.minecraft.baked_potato":2,"stat.killEntity.siren":2,"stat.pickup.minecraft.stone_slab":7,"stat.pickup.minecraft.yellow_flower":3,"stat.drop.minecraft.stone_pickaxe":1,"stat.mineBlock.quark.jasper":35,"stat.pickup.minecraft.bone":20,"stat.useItem.croparia.orange":1,"stat.pickup.conarm.helmet":1,"stat.mineBlock.minecraft.cobblestone":24,"stat.killEntity.gorgon":3,"stat.pickup.howlingmoon.wolfsbane":5,"stat.craftItem.minecraft.wool":1,"stat.useItem.croparia.lemon":1,"stat.mineBlock.appliedenergistics2.quartz_ore":3,"stat.craftItem.tconstruct.slimesling":2,"stat.useItem.appliedenergistics2.sky_stone_brick":4,"stat.swimOneCm":153601,"stat.climbOneCm":8545,"stat.pickup.minecraft.cooked_porkchop":7,"stat.pickup.iceandfire.sea_serpent_scales_green":28,"stat.mineBlock.quark.roots":2,"stat.useItem.minecraft.dirt":9,"stat.useItem.minecraft.stone_slab2":50,"stat.pickup.croparia.seed_crop_coal":6,"stat.pickup.croparia.fruit_coal":3,"stat.pickup.minecraft.bow":3,"stat.pickup.minecraft.iron_boots":1,"stat.killEntity.deathworm":1,"stat.craftItem.minecraft.furnace":6,"stat.pickup.thermalfoundation.ore":3,"stat.entityKilledBy.vampirism.vampire_hunter":1,"stat.craftItem.iceandfire.dragonbone_bow":1,"stat.craftItem.minecraft.iron_boots":1,"stat.craftItem.minecraft.stone_pickaxe":2,"stat.pickup.minecraft.cobblestone":140,"stat.mineBlock.minecraft.clay":2,"stat.mineBlock.chisel.limestone2":13,"stat.flyOneCm":1274127,"stat.pickup.minecraft.soul_sand":2,"stat.pickup.minecraft.sandstone":33,"stat.pickup.appliedenergistics2.material":6,"stat.pickup.minecraft.redstone":4,"stat.timeSinceDeath":3960,"stat.pickup.vampirism.vampire_book":1,"stat.pickup.bigreactors.ingotgraphite":2,"stat.pickup.minecraft.mutton":20,"stat.pickup.minecraft.mossy_cobblestone":7,"stat.useItem.croparia.pear":1,"stat.useItem.minecraft.potato":7,"stat.drop.minecraft.iron_bars":2,"stat.killEntity.seaserpent":1,"stat.pickup.minecraft.nether_wart":2,"stat.mineBlock.thermalfoundation.ore":4,"stat.pickup.minecraft.stonebrick":64,"stat.drop.minecraft.dirt":11,"stat.pickup.mekanism.salt":18,"stat.useItem.minecraft.cooked_porkchop":15,"stat.mineBlock.minecraft.coal_ore":54,"stat.killEntity.Creeper":6,"stat.pickup.minecraft.shield":1,"stat.talkedToVillager":4,"stat.pickup.iceandfire.sea_serpent_fang":1,"stat.drop.iceandfire.tide_green_boots":1,"stat.pickup.minecraft.string":27,"stat.pickup.tombstone.crafting_ingredient":4,"stat.entityKilledBy.Skeleton":2,"stat.craftItem.tconstruct.slime_boots":2,"stat.craftItem.minecraft.stone_slab2":0,"stat.pickup.minecraft.sandstone_stairs":1,"stat.sprintOneCm":617647,"stat.mineBlock.minecraft.stone_slab":5,"stat.craftItem.minecraft.stick":32,"stat.mineBlock.mekanism.oreblock":44,"stat.pickup.quark.crab_shell":4,"stat.useItem.minecraft.stone_slab":4,"stat.craftItem.thermalfoundation.armor.legs_tin":1,"stat.pickup.appliedenergistics2.smooth_sky_stone_block":6,"stat.mineBlock.minecraft.crafting_table":2,"stat.useItem.minecraft.diamond_pickaxe":44,"stat.mineBlock.minecraft.quartz_block":3,"stat.useItem.minecraft.carrot":2,"stat.pickup.botania.flower":26,"stat.mineBlock.howlingmoon.wolfsbane":5,"stat.drop":28,"stat.drop.tombstone.grave_key":2,"stat.killEntity.Sheep":11,"stat.pickup.tombstone.grave_key":1,"stat.killEntity.Zombie":38,"stat.pickup.iceandfire.chared_dirt":5,"stat.diveOneCm":186209,"stat.craftItem.minecraft.slime_ball":8,"stat.mineBlock.minecraft.mossy_cobblestone":8,"stat.entityKilledBy.seaserpent":10,"stat.pickup.iceandfire.dragonscales_bronze":13,"stat.mineBlock.botania.doubleflower1":1,"stat.pickup.minecraft.gravel":5,"stat.pickup.raw_ores.raw_iron":32,"stat.craftItem.minecraft.cooked_porkchop":10,"stat.pickup.mekanismtools.lapislazulihelmet":1,"stat.useItem.minecraft.apple":4,"stat.useItem.minecraft.porkchop":1,"stat.craftItem.iceandfire.wither_shard":9,"stat.pickup.minecraft.stone_brick_stairs":4,"stat.drop.minecraft.cooked_porkchop":2,"stat.jump":4750,"stat.pickup.minecraft.coal":123,"stat.useItem.minecraft.stone_axe":83,"stat.pickup.minecraft.gunpowder":5,"stat.pickup.minecraft.spider_eye":2,"stat.craftItem.minecraft.torch":24,"stat.pickup.minecraft.dirt":56,"stat.pickup.vampirism.vampire_fang":4,"stat.useItem.minecraft.cooked_chicken":8,"stat.pickup.iceandfire.fire_dragon_heart":2,"stat.pickup.iceandfire.shiny_scales":4,"stat.pickup.tconstruct.slime_congealed":13,"stat.boatOneCm":23938,"stat.useItem.minecraft.sapling":1,"stat.mineBlock.minecraft.iron_bars":7,"stat.pickup.iceandfire.iceandfire.deathworm_egg":1,"stat.mineBlock.minecraft.leaves2":8,"stat.pickup.taiga.dilithium_crystal":8,"stat.mineBlock.minecraft.stone_stairs":3,"stat.damageTaken":10479,"stat.pickup.minecraft.leather":9,"stat.useItem.minecraft.stone_brick_stairs":2,"stat.mineBlock.minecraft.torch":11,"stat.killEntity.tconstruct.blueslime":4,"stat.useItem.minecraft.wooden_pickaxe":52,"stat.drop.minecraft.water_bucket":1,"stat.pickup.minecraft.log2":47,"stat.mineBlock.minecraft.sandstone_stairs":1,"stat.drop.tconstruct.slimesling":1,"stat.useItem.iceandfire.dragonbone_pickaxe":233,"stat.pickup.minecraft.reeds":15,"stat.pickup.minecraft.prismarine_crystals":5,"stat.pickup.minecraft.bed":1,"tombstone:undead_killed":60,"stat.useItem.tombstone.grave_key":2,"stat.killEntity.hippogryph":1,"stat.pickup.minecraft.quartz_block":3,"stat.pickup.minecraft.potato":12,"stat.pickup.minecraft.rabbit_hide":1,"stat.entityKilledBy.Zombie":2,"stat.damageDealt":32156,"stat.sleepInBed":6,"stat.mineBlock.quark.roots_blue_flower":4,"stat.killEntity.Cow":2,"stat.killEntity.Pig":6,"stat.entityKilledBy.if_cockatrice":1,"stat.pickup.minecraft.boat":1,"stat.walkOneCm":321927,"stat.playerKills":2,"stat.pickup.minecraft.stick":2,"stat.useItem.croparia.cherry":1,"stat.pickup.mekanism.oreblock":44,"stat.pickup.minecraft.clay_ball":7,"stat.craftItem.iceandfire.tide_green_boots":2,"stat.pickup.quark.root_flower":16,"stat.pickup.minecraft.stone":18,"stat.pickup.caves_and_cliffs.copper_ore":8,"stat.pickup.minecraft.ender_pearl":1,"stat.pickup.croparia.orange":1,"stat.mineBlock.thermalfoundation.ore_fluid":16,"stat.killEntity.Skeleton":14,"stat.mineBlock.minecraft.stonebrick":64,"stat.killEntity.Spider":11,"stat.pickup.minecraft.dark_oak_stairs":1,"stat.mobKills":127,"stat.mineBlock.taiga.dilithium_ore":3,"stat.pickup.iceandfire.gorgon_head":3,"stat.useItem.minecraft.boat":2,"stat.mineBlock.minecraft.leaves":6,"stat.pickup.minecraft.torch":11,"stat.killEntity.firedragon":1,"stat.mineBlock.minecraft.stone":123,"stat.useItem.minecraft.sandstone":29}