{"stat.chestOpened":4,"stat.walkOneCm":45839,"stat.useItem.minecraft.bread":2,"stat.useItem.croparia.pear":1,"stat.drop.tombstone.crafting_ingredient":1,"stat.drop.botania.flower":1,"stat.useItem.croparia.cherry":3,"stat.leaveGame":2,"stat.drop.minecraft.rotten_flesh":1,"stat.drop.minecraft.porkchop":1,"stat.pickup.minecraft.crafting_table":3,"stat.useItem.minecraft.chicken":3,"stat.craftItem.minecraft.crafting_table":2,"stat.mineBlock.minecraft.double_plant":1,"stat.mineBlock.botania.flower":1,"stat.killEntity.vampirism.vampire":3,"stat.useItem.minecraft.porkchop":3,"stat.drop.minecraft.red_flower":1,"stat.jump":912,"stat.swimOneCm":13864,"stat.craftItem.iceandfire.silver_axe":1,"stat.pickup.croparia.apricot":3,"stat.fallOneCm":25243,"stat.useItem.minecraft.planks":2,"stat.pickup.minecraft.beef":2,"stat.drop.rats.contaminated_food":4,"stat.entityKilledBy.Skeleton":1,"stat.pickup.minecraft.porkchop":7,"stat.craftItem.minecraft.bread":2,"stat.crouchOneCm":726,"stat.pickup.minecraft.chicken":3,"stat.pickup.minecraft.dirt":16,"stat.sprintOneCm":62917,"stat.useItem.minecraft.stone_slab2":5,"stat.pickup.croparia.seed_crop_coal":2,"stat.pickup.croparia.fruit_coal":1,"stat.craftItem.minecraft.stick":8,"stat.craftItem.minecraft.wooden_axe":1,"stat.craftingTableInteraction":10,"stat.pickup.minecraft.rotten_flesh":1,"stat.killEntity.Skeleton":1,"stat.entityKilledBy.Spider":2,"stat.pickup.rats.contaminated_food":4,"stat.craftItem.minecraft.planks":36,"stat.mineBlock.minecraft.leaves2":2,"stat.mineBlock.minecraft.log2":22,"stat.damageTaken":2211,"stat.mineBlock.minecraft.crafting_table":3,"stat.killEntity.Spider":1,"stat.mineBlock.minecraft.red_flower":3,"stat.useItem.minecraft.wooden_pickaxe":6,"stat.pickup.croparia.pear":1,"stat.mobKills":10,"stat.pickup.minecraft.cobblestone":1,"stat.useItem.iceandfire.silver_axe":14,"stat.pickup.minecraft.log2":42,"stat.pickup.botania.flower":1,"stat.pickup.croparia.cherry":3,"stat.pickup.minecraft.planks":1,"stat.pickup.vampirism.item_tent":1,"stat.flyOneCm":198262,"stat.deaths":8,"tombstone:undead_killed":4,"stat.pickup.minecraft.wheat_seeds":10,"stat.drop":21,"stat.mineBlock.minecraft.leaves":1,"stat.playOneMinute":27296,"stat.drop.minecraft.wheat_seeds":8,"stat.entityKilledBy.Zombie":1,"stat.pickup.minecraft.red_flower":1,"stat.drop.croparia.apricot":2,"stat.sneakTime":279,"stat.pickup.quark.tallow":3,"stat.damageDealt":2575,"stat.drop.minecraft.beef":2,"stat.killEntity.Zombie":3,"stat.timeSinceDeath":8639,"stat.useItem.minecraft.wooden_axe":34,"stat.killEntity.Cow":1,"stat.useItem.croparia.apricot":1,"stat.craftItem.minecraft.wooden_pickaxe":2,"stat.entityKilledBy.vampirism.vampire":1,"stat.mineBlock.minecraft.stone":1,"stat.killEntity.Pig":1,"stat.entityKilledBy.if_cockatrice":1,"stat.mineBlock.minecraft.tallgrass":68,"stat.diveOneCm":21539}