{"stat.craftItem.minecraft.acacia_boat":2,"stat.leaveGame":6,"stat.craftItem.croparia.obsidian_pickaxe":1,"stat.killEntity.vampirism.vampire":3,"stat.craftItem.croparia.renforced_boots":1,"stat.useItem.minecraft.planks":21,"stat.craftItem.croparia.renforced_multitool":1,"stat.pickup.minecraft.porkchop":5,"stat.useItem.minecraft.water_bucket":12,"stat.pickup.minecraft.rotten_flesh":18,"stat.pickup.minecraft.sand":20,"stat.pickup.iceandfire.witherbone":10,"stat.pickup.iceandfire.sea_serpent_scales_deepblue":4,"stat.useItem.botania.flower":1,"stat.craftItem.vampiresneedumbrellas.diamond_umbrella_rod":2,"stat.pickup.croparia.pear":4,"stat.killEntity.if_cockatrice":9,"stat.craftItem.minecraft.stone_sword":1,"stat.mineBlock.minecraft.sand":21,"stat.craftItem.croparia.renforced_helmet":1,"tombstone:villager_killed":1,"stat.useItem.croparia.renforced_sword":29,"stat.craftItem.minecraft.wooden_hoe":1,"stat.pickup.quark.tallow":8,"stat.useItem.minecraft.iron_pickaxe":170,"stat.killEntity.plague_doctor":2,"stat.craftItem.minecraft.wooden_pickaxe":1,"stat.mineBlock.chisel.marble2":4,"stat.craftItem.croparia.obsidian_leggings":2,"stat.furnaceInteraction":31,"stat.pickup.croparia.kiwi":3,"stat.mineBlock.botania.flower":2,"stat.drop.vampirism.blood_bottle":3,"stat.useItem.croparia.renforced_multitool":242,"stat.pickup.quark.crystal":3,"stat.pickup.croparia.seed_crop_redstone":9,"stat.useItem.mekanismtools.bronzesword":4,"stat.pickup.minecraft.beef":2,"stat.pickup.minecraft.furnace":7,"stat.drop.minecraft.furnace":1,"stat.useItem.minecraft.flint_and_steel":1,"stat.pickup.minecraft.emerald":4,"stat.mineBlock.quark.crystal":6,"stat.useItem.minecraft.dye":194,"stat.deaths":10,"stat.pickup.minecraft.egg":1,"stat.craftItem.croparia.obsidian_hoe":1,"stat.playOneMinute":280183,"stat.drop.minecraft.string":3,"stat.craftItem.minecraft.iron_pickaxe":1,"stat.pickup.minecraft.diamond_block":2,"stat.pickup.chisel.marble2":3,"stat.mineBlock.minecraft.tallgrass":86,"stat.pickup.minecraft.netherrack":39,"stat.chestOpened":22,"stat.pickup.rats.raw_rat":3,"stat.killEntity.illager_piper":1,"stat.pickup.botania.mushroom":1,"stat.pickup.conarm.chestplate":2,"stat.craftItem.minecraft.carpet":3,"stat.mineBlock.minecraft.netherrack":18,"stat.pickup.minecraft.arrow":14,"stat.mineBlock.appliedenergistics2.sky_stone_block":27,"stat.drop.vampirism.heart_seeker":1,"stat.pickup.minecraft.gold_nugget":2,"stat.craftItem.minecraft.coal":2,"stat.useItem.mekanismtools.obsidiansword":32,"stat.drop.minecraft.iron_pickaxe":2,"stat.fallOneCm":66717,"stat.pickup.chisel.basalt2":16,"stat.crouchOneCm":2214,"stat.craftItem.minecraft.diamond":43,"stat.pickup.croparia.seed_crop_diamond":22,"stat.craftItem.minecraft.iron_ingot":61,"stat.pickup.vampirism.blood_container":19,"stat.useItem.mekanism.oreblock":10,"stat.craftingTableInteraction":58,"stat.mineBlock.minecraft.log2":9,"stat.pickup.minecraft.wooden_pickaxe":1,"stat.pickup.minecraft.feather":34,"stat.pickup.minecraft.dye":19,"stat.pickup.minecraft.planks":2,"stat.pickup.chisel.limestone2":6,"stat.pickup.minecraft.wheat_seeds":27,"stat.mineBlock.minecraft.gravel":17,"stat.craftItem.croparia.renforced_hoe":1,"stat.craftItem.croparia.obsidian_boots":1,"stat.useItem.minecraft.stone_pickaxe":199,"stat.useItem.minecraft.stone_sword":60,"stat.mineBlock.vampirism.castle_block":1,"stat.mineBlock.minecraft.dirt":46,"stat.pickup.minecraft.flint_and_steel":1,"stat.useItem.minecraft.torch":6,"stat.drop.minecraft.porkchop":4,"stat.pickup.minecraft.crafting_table":4,"stat.useItem.minecraft.cobblestone":174,"stat.craftItem.minecraft.crafting_table":8,"stat.mineBlock.minecraft.double_plant":4,"stat.pickup.rats.rat_flute":1,"stat.mineBlock.minecraft.emerald_ore":2,"stat.pickup.minecraft.log":15,"stat.pickup.croparia.fruit_lapis":12,"stat.drop.minecraft.chicken":9,"stat.pickup.minecraft.iron_pickaxe":4,"stat.craftItem.minecraft.gold_ingot":53,"stat.pickup.minecraft.chicken":20,"stat.pickup.minecraft.sapling":4,"stat.pickup.minecraft.apple":2,"stat.craftItem.minecraft.bucket":1,"stat.craftItem.minecraft.planks":76,"stat.useItem.minecraft.iron_sword":51,"stat.useItem.minecraft.acacia_boat":5,"stat.craftItem.croparia.obsidian_shovel":1,"stat.pickup.croparia.banana":1,"stat.pickup.minecraft.book":27,"stat.mineBlock.minecraft.log":14,"stat.mineBlock.bigreactors.oreyellorite":3,"stat.craftItem.croparia.renforced_pickaxe":1,"stat.pickup.croparia.seed_crop_lapis":8,"stat.pickup.tconstruct.slime_boots":1,"stat.killEntity.BabySkeleton":1,"stat.craftItem.croparia.seed_crop_lapis":1,"stat.sneakTime":1010,"stat.pickup.minecraft.wool":8,"stat.killEntity.siren":6,"stat.pickup.croparia.fruit_diamond":17,"stat.craftItem.croparia.renforced_chestplate":1,"stat.useItem.croparia.orange":1,"stat.pickup.minecraft.bone":10,"stat.pickup.conarm.helmet":2,"stat.mineBlock.minecraft.cobblestone":11,"stat.pickup.minecraft.flint":3,"stat.craftItem.tombstone.grave_key":2,"stat.pickup.howlingmoon.wolfsbane":1,"stat.useItem.minecraft.diamond_sword":6,"stat.mineBlock.vampirism.altar_inspiration":1,"stat.mineBlock.appliedenergistics2.quartz_ore":1,"stat.pickup.rats.rat_pelt":2,"stat.swimOneCm":159249,"stat.mineBlock.minecraft.diamond_block":1,"stat.climbOneCm":2915,"stat.craftItem.croparia.obsidian_sword":1,"stat.pickup.vampirism.blood_bottle":2,"stat.useItem.minecraft.dirt":1,"stat.useItem.minecraft.stone_slab2":51,"stat.pickup.croparia.fruit_coal":6,"stat.pickup.croparia.seed_crop_coal":37,"stat.craftItem.minecraft.furnace":2,"stat.pickup.thermalfoundation.ore":8,"stat.useItem.minecraft.egg":1,"stat.craftItem.minecraft.bone_block":1,"stat.drop.croparia.pear":1,"stat.pickup.minecraft.anvil":1,"stat.craftItem.croparia.renforced_leggings":2,"stat.craftItem.minecraft.stone_pickaxe":2,"stat.mineBlock.minecraft.obsidian":36,"stat.mineBlock.minecraft.magma":4,"stat.pickup.minecraft.cobblestone":257,"stat.craftItem.croparia.renforced_axe":1,"stat.mineBlock.chisel.limestone2":6,"stat.flyOneCm":1318088,"stat.craftItem.minecraft.glass_bottle":9,"stat.pickup.appliedenergistics2.material":1,"stat.drop.minecraft.wheat_seeds":1,"stat.pickup.minecraft.redstone":15,"stat.pickup.minecraft.acacia_boat":3,"stat.timeSinceDeath":12839,"stat.drop.croparia.kiwi":3,"stat.drop.minecraft.log":1,"stat.pickup.minecraft.mutton":1,"stat.pickup.minecraft.mossy_cobblestone":2,"stat.craftItem.minecraft.iron_block":3,"stat.useItem.croparia.pear":2,"stat.killEntity.seaserpent":1,"stat.mineBlock.thermalfoundation.ore":8,"stat.drop.minecraft.dirt":2,"stat.killEntity.vampirism.vampire_hunter":2,"stat.mineBlock.minecraft.coal_ore":64,"stat.killEntity.Creeper":3,"stat.talkedToVillager":6,"stat.pickup.iceandfire.sea_serpent_fang":1,"stat.pickup.minecraft.string":11,"stat.entityKilledBy.Skeleton":1,"stat.craftItem.minecraft.stone_slab2":0,"stat.useItem.vampirism.heart_seeker":70,"stat.craftItem.vampiresneedumbrellas.white_diamond_umbrella":1,"stat.killEntity.rat":3,"stat.craftItem.croparia.obsidian_helmet":1,"stat.sprintOneCm":590722,"stat.craftItem.minecraft.stick":40,"stat.mineBlock.mekanism.oreblock":17,"stat.useItem.carryon.tile_item":2,"stat.mineBlock.minecraft.diamond_ore":11,"stat.mineBlock.minecraft.crafting_table":3,"stat.useItem.minecraft.diamond_pickaxe":133,"stat.pickup.conarm.boots":1,"stat.pickup.botania.flower":2,"stat.entityKilledBy.Creeper":1,"stat.mineBlock.howlingmoon.wolfsbane":1,"stat.mineBlock.quark.marble":6,"stat.craftItem.croparia.seed_crop_redstone":1,"stat.mineBlock.minecraft.planks":2,"stat.drop":36,"stat.craftItem.croparia.seed_crop_iron":1,"stat.drop.tombstone.grave_key":2,"stat.killEntity.Sheep":1,"stat.craftItem.minecraft.diamond_pickaxe":1,"stat.killEntity.Zombie":4,"stat.craftItem.minecraft.dye":207,"stat.pickup.croparia.seed_crop_iron":12,"stat.diveOneCm":71613,"stat.pickup.minecraft.wheat":2,"stat.pickup.croparia.fruit_redstone":11,"stat.mineBlock.minecraft.mossy_cobblestone":1,"stat.entityKilledBy.seaserpent":1,"stat.pickup.vampirism.altar_inspiration":1,"stat.drop.minecraft.wooden_pickaxe":1,"stat.pickup.minecraft.gravel":16,"stat.pickup.raw_ores.raw_iron":69,"stat.pickup.croparia.fruit_gold":23,"stat.useItem.minecraft.chicken":6,"stat.mineBlock.minecraft.anvil":1,"stat.useItem.minecraft.apple":2,"stat.craftItem.croparia.obsidian_axe":1,"stat.pickup.minecraft.obsidian":40,"stat.useItem.minecraft.porkchop":1,"stat.mineBlock.quark.roots_black_flower":1,"stat.craftItem.croparia.renforced_shovel":1,"stat.useItem.minecraft.sand":1,"stat.jump":4896,"stat.useItem.minecraft.wooden_hoe":5,"stat.pickup.minecraft.coal":270,"stat.pickup.minecraft.iron_ingot":23,"stat.pickup.conarm.leggings":2,"stat.useItem.croparia.seed_crop_lapis":2,"stat.entityKilledBy.CaveSpider":1,"stat.pickup.minecraft.gunpowder":3,"stat.craftItem.minecraft.torch":12,"stat.pickup.minecraft.dirt":15,"stat.boatOneCm":221476,"stat.mineBlock.minecraft.iron_bars":1,"stat.mineBlock.minecraft.lapis_ore":2,"stat.craftItem.croparia.seed_crop_gold":1,"stat.mineBlock.minecraft.leaves2":3,"stat.damageTaken":7322,"stat.pickup.minecraft.leather":2,"stat.mineBlock.minecraft.furnace":6,"stat.useItem.minecraft.wooden_pickaxe":8,"stat.pickup.minecraft.prismarine_shard":5,"stat.pickup.minecraft.log2":9,"stat.pickup.minecraft.prismarine_crystals":9,"stat.killEntity.CaveSpider":1,"stat.pickup.taiga.tiberium_crystal":4,"tombstone:undead_killed":18,"stat.mineBlock.taiga.tiberium_ore":2,"stat.craftItem.croparia.seed_crop_diamond":1,"stat.craftItem.croparia.renforced_sword":1,"stat.pickup.croparia.seed_crop_gold":21,"stat.damageDealt":15647,"stat.craftItem.minecraft.glass":9,"stat.craftItem.minecraft.anvil":1,"stat.pickup.croparia.fruit_iron":18,"stat.useItem.minecraft.crafting_table":1,"stat.killEntity.Pig":2,"stat.entityKilledBy.if_cockatrice":3,"stat.craftItem.minecraft.iron_sword":1,"stat.walkOneCm":638529,"stat.playerKills":1,"stat.drop.minecraft.wheat":2,"stat.pickup.minecraft.stick":4,"stat.pickup.mekanism.oreblock":36,"stat.useItem.minecraft.lava_bucket":14,"stat.mineBlock.chisel.basalt2":25,"stat.pickup.raw_ores.raw_gold":14,"stat.pickup.quark.root_flower":3,"stat.pickup.minecraft.stone":38,"stat.pickup.croparia.orange":3,"stat.useItem.croparia.banana":1,"stat.useItem.minecraft.netherrack":18,"stat.killEntity.Skeleton":13,"stat.killEntity.Chicken":2,"stat.killEntity.Spider":2,"stat.mobKills":59,"stat.mineBlock.minecraft.bookshelf":9,"stat.craftItem.minecraft.shears":1,"stat.useItem.minecraft.golden_apple":1,"stat.pickup.minecraft.diamond":10,"stat.mineBlock.minecraft.leaves":3,"stat.craftItem.croparia.obsidian_chestplate":1,"stat.mineBlock.minecraft.redstone_ore":5,"stat.mineBlock.minecraft.stone":382}