{"stat.chestOpened":1,"stat.pickup.tconstruct.book":1,"stat.useItem.minecraft.splash_potion":126,"stat.pickup.iceandfire.fire_dragon_flesh":5,"stat.leaveGame":2,"stat.pickup.minecraft.stone_axe":1,"stat.pickup.mekanismtools.lapislazulihelmet":1,"stat.pickup.minecraft.leather_chestplate":1,"stat.useItem.minecraft.diamond_sword":7,"stat.drop.minecraft.iron_pickaxe":1,"stat.pickup.croparia.renforced_boots":1,"stat.jump":776,"stat.swimOneCm":7430,"stat.useItem.minecraft.wooden_hoe":1,"stat.fallOneCm":7965,"stat.climbOneCm":304,"stat.drop.minecraft.sticky_piston":1,"stat.drop.minecraft.feather":1,"stat.pickup.iceandfire.sea_serpent_scales_green":12,"stat.crouchOneCm":12604,"stat.craftItem.minecraft.diamond":2,"stat.pickup.croparia.seed_crop_diamond":4,"stat.pickup.minecraft.spider_eye":1,"stat.pickup.minecraft.sticky_piston":1,"stat.useItem.minecraft.stone_slab2":38,"stat.pickup.croparia.seed_crop_coal":1,"stat.craftItem.croparia.lemon_collector":1,"stat.craftingTableInteraction":1,"stat.pickup.minecraft.rotten_flesh":8,"stat.pickup.minecraft.sand":6,"stat.pickup.iceandfire.fire_dragon_heart":1,"stat.drop.tconstruct.firewood":1,"stat.pickup.minecraft.splash_potion":1,"stat.mineBlock.minecraft.log2":2,"stat.damageTaken":416,"stat.pickup.minecraft.feather":1,"stat.pickup.iceandfire.witherbone":2,"stat.pickup.iceandfire.chain_link":7,"stat.drop.minecraft.ender_pearl":1,"stat.useItem.tconstruct.throwball":44,"stat.drop.appliedenergistics2.sky_stone_block":1,"stat.pickup.croparia.renforced_leggings":1,"stat.pickup.minecraft.cobblestone":25,"stat.drop.minecraft.splash_potion":1,"stat.pickup.theoneprobe.probenote":1,"stat.pickup.minecraft.log2":2,"stat.killEntity.if_cockatrice":1,"stat.pickup.minecraft.dye":1,"stat.pickup.minecraft.planks":4,"stat.pickup.minecraft.prismarine_crystals":14,"stat.pickup.chisel.limestone2":2,"stat.flyOneCm":2297641,"stat.pickup.minecraft.wheat_seeds":10,"stat.pickup.conarm.book":1,"stat.drop.iceandfire.chain_link":7,"stat.drop.minecraft.wheat_seeds":5,"stat.drop.iceandfire.witherbone":2,"stat.pickup.croparia.fruit_totem":2,"stat.damageDealt":5355,"stat.timeSinceDeath":298455,"stat.useItem.minecraft.iron_pickaxe":1,"stat.useItem.minecraft.spawn_egg":26,"stat.entityKilledBy.if_cockatrice":1,"stat.walkOneCm":121602,"stat.pickup.minecraft.stick":2,"stat.drop.minecraft.iron_bars":2,"stat.drop.minecraft.rotten_flesh":6,"stat.pickup.minecraft.stonebrick":6,"stat.furnaceInteraction":1,"stat.craftItem.minecraft.crafting_table":1,"stat.useItem.minecraft.cooked_porkchop":4,"stat.pickup.iceandfire.dragon_skull":1,"stat.pickup.tconstruct.throwball":7,"stat.pickup.minecraft.string":1,"stat.pickup.minecraft.iron_pickaxe":1,"stat.pickup.croparia.lemon":1,"stat.pickup.tombstone.crafting_ingredient":2,"stat.drop.minecraft.leather_chestplate":1,"stat.useItem.minecraft.milk_bucket":1,"stat.drop.minecraft.sapling":1,"stat.pickup.minecraft.sapling":4,"stat.pickup.minecraft.ender_pearl":1,"stat.sprintOneCm":186910,"stat.pickup.vampirism.totem_top":3,"stat.craftItem.minecraft.stick":4,"stat.craftItem.minecraft.planks":8,"stat.pickup.guideapi.vampirism-guide":1,"stat.pickup.minecraft.grass":1,"stat.pickup.iceandfire.dragonscales_green":19,"stat.pickup.croparia.seed_crop_totem":2,"stat.useItem.minecraft.lingering_potion":7,"stat.mobKills":3,"stat.useItem.croparia.lemon_collector":5,"stat.pickup.iceandfire.dragonbone":12,"stat.pickup.minecraft.sugar":2,"stat.drop.tconstruct.edible":11,"stat.deaths":1,"stat.drop":32,"stat.playOneMinute":300552,"stat.pickup.tombstone.grave_key":1,"stat.useItem.tconstruct.seared":1,"stat.sneakTime":5338,"stat.pickup.minecraft.wool":1,"stat.killEntity.firedragon":2,"stat.pickup.minecraft.iron_bars":2,"stat.pickup.minecraft.yellow_flower":1,"stat.mineBlock.minecraft.stone":1,"stat.drop.minecraft.grass":2,"stat.mineBlock.minecraft.tallgrass":36,"stat.pickup.croparia.fruit_diamond":3,"stat.diveOneCm":17988}