{"stat.chestOpened":1,"stat.pickup.tconstruct.book":1,"stat.useItem.minecraft.splash_potion":125,"stat.pickup.iceandfire.fire_dragon_flesh":5,"stat.pickup.minecraft.stone_axe":1,"stat.pickup.mekanismtools.lapislazulihelmet":1,"stat.pickup.minecraft.leather_chestplate":1,"stat.useItem.minecraft.diamond_sword":7,"stat.drop.minecraft.iron_pickaxe":1,"stat.jump":401,"stat.swimOneCm":5119,"stat.fallOneCm":3576,"stat.climbOneCm":122,"stat.drop.minecraft.feather":1,"stat.pickup.iceandfire.sea_serpent_scales_green":12,"stat.crouchOneCm":4733,"stat.useItem.minecraft.stone_slab2":6,"stat.pickup.minecraft.rotten_flesh":6,"stat.pickup.minecraft.sand":6,"stat.pickup.iceandfire.fire_dragon_heart":1,"stat.pickup.minecraft.splash_potion":1,"stat.damageTaken":275,"stat.pickup.minecraft.feather":1,"stat.pickup.iceandfire.witherbone":2,"stat.pickup.iceandfire.chain_link":7,"stat.drop.minecraft.ender_pearl":1,"stat.pickup.minecraft.cobblestone":25,"stat.drop.minecraft.splash_potion":1,"stat.pickup.theoneprobe.probenote":1,"stat.killEntity.if_cockatrice":1,"stat.pickup.minecraft.planks":4,"stat.pickup.chisel.limestone2":2,"stat.flyOneCm":1312267,"stat.pickup.minecraft.wheat_seeds":5,"stat.pickup.conarm.book":1,"stat.drop.iceandfire.chain_link":7,"stat.drop.minecraft.wheat_seeds":4,"stat.drop.iceandfire.witherbone":2,"stat.damageDealt":5320,"stat.timeSinceDeath":217936,"stat.useItem.minecraft.iron_pickaxe":1,"stat.entityKilledBy.if_cockatrice":1,"stat.walkOneCm":47316,"stat.drop.minecraft.iron_bars":2,"stat.drop.minecraft.rotten_flesh":4,"stat.pickup.minecraft.stonebrick":1,"stat.furnaceInteraction":1,"stat.pickup.iceandfire.dragon_skull":1,"stat.pickup.minecraft.iron_pickaxe":1,"stat.pickup.tombstone.crafting_ingredient":2,"stat.drop.minecraft.leather_chestplate":1,"stat.drop.minecraft.sapling":1,"stat.pickup.minecraft.sapling":1,"stat.pickup.minecraft.ender_pearl":1,"stat.sprintOneCm":83796,"stat.pickup.vampirism.totem_top":3,"stat.pickup.guideapi.vampirism-guide":1,"stat.pickup.iceandfire.dragonscales_green":19,"stat.mobKills":3,"stat.pickup.iceandfire.dragonbone":12,"stat.deaths":1,"stat.drop":14,"stat.playOneMinute":220033,"stat.pickup.tombstone.grave_key":1,"stat.sneakTime":1736,"stat.killEntity.firedragon":2,"stat.pickup.minecraft.iron_bars":2,"stat.mineBlock.minecraft.stone":1,"stat.mineBlock.minecraft.tallgrass":29,"stat.diveOneCm":4191}