{"stat.pickup.minecraft.wooden_slab":2,"stat.useItem.iceandfire.fire_dragon_flesh":4,"stat.pickup.iceandfire.fire_dragon_flesh":4,"stat.entityKilledBy.stymphalianbird":1,"stat.leaveGame":8,"stat.killEntity.vampirism.vampire":2,"stat.useItem.minecraft.planks":76,"stat.craftItem.minecraft.shield":1,"stat.pickup.minecraft.porkchop":4,"stat.pickup.iceandfire.stymphalian_bird_feather":1,"stat.pickup.minecraft.rotten_flesh":17,"stat.pickup.minecraft.sand":7,"stat.craftItem.minecraft.golden_apple":2,"stat.pickup.minecraft.leather_boots":1,"stat.useItem.mekanismtools.osmiumpickaxe":183,"stat.entityKilledBy.firedragon":4,"stat.mineBlock.minecraft.sand":12,"stat.craftItem.iceandfire.dragon_stick":1,"stat.pickup.quark.tallow":4,"stat.drop.minecraft.gold_ingot":1,"stat.pickup.minecraft.stained_hardened_clay":2,"stat.craftItem.minecraft.wooden_pickaxe":1,"stat.craftItem.minecraft.bed":1,"stat.mineBlock.chisel.marble2":2,"stat.pickup.thermalfoundation.material":4,"stat.useItem.rats.treacle":1,"stat.furnaceInteraction":33,"stat.pickup.croparia.kiwi":2,"stat.pickup.iceandfire.dragon_skull":1,"stat.killEntity.ZombieVillager":1,"stat.mineBlock.rats.block_of_cheese":1,"stat.craftItem.thermalfoundation.material":21,"stat.pickup.iceandfire.manuscript":6,"stat.pickup.minecraft.beef":10,"stat.pickup.croparia.lemon":3,"stat.pickup.minecraft.furnace":3,"stat.useItem.minecraft.cooked_mutton":4,"stat.mineBlock.minecraft.stained_hardened_clay":2,"stat.pickup.howlingmoon.moonstone":3,"stat.killEntity.Husk":2,"stat.pickup.tconstruct.slime_dirt":16,"stat.useItem.minecraft.beef":7,"stat.deaths":16,"stat.useItem.rats.herb_bundle":1,"stat.mineBlock.iceandfire.chared_gravel":7,"stat.pickup.minecraft.egg":1,"stat.playOneMinute":187469,"stat.craftItem.bigreactors.ingotyellorium":1,"stat.pickup.minecraft.item_frame":2,"stat.pickup.minecraft.iron_bars":6,"stat.drop.minecraft.torch":1,"stat.mineBlock.minecraft.tallgrass":27,"stat.craftItem.minecraft.cooked_mutton":4,"stat.pickup.iceandfire.sea_serpent_scales_blue":6,"stat.chestOpened":45,"stat.useItem.minecraft.cooked_rabbit":2,"stat.pickup.rats.raw_rat":1,"stat.killEntity.quark:crab":1,"stat.pickup.botania.mushroom":2,"stat.pickup.minecraft.arrow":2,"stat.craftItem.iceandfire.armor_red_helmet":1,"stat.craftItem.iceandfire.armor_red_leggings":1,"stat.pickup.minecraft.gold_nugget":205,"stat.mineBlock.botania.mushroom":1,"stat.fallOneCm":83072,"stat.crouchOneCm":7408,"stat.craftItem.minecraft.iron_ingot":19,"stat.craftingTableInteraction":33,"stat.mineBlock.rats.garbage_pile":1,"stat.drop.thermalfoundation.ore":1,"stat.mineBlock.minecraft.log2":15,"stat.pickup.minecraft.wooden_pickaxe":1,"stat.pickup.minecraft.feather":2,"stat.useItem.minecraft.furnace":1,"stat.pickup.iceandfire.dragonscales_red":22,"stat.drop.iceandfire.bestiary":1,"stat.pickup.minecraft.planks":53,"stat.pickup.rats.block_of_cheese":1,"stat.pickup.minecraft.wheat_seeds":2,"stat.drop.iceandfire.chain_link":7,"stat.useItem.minecraft.stone_pickaxe":67,"stat.killEntity.Rabbit":5,"stat.mineBlock.minecraft.dirt":16,"stat.useItem.croparia.apricot":1,"stat.mineBlock.quark.biome_cobblestone":2,"stat.useItem.minecraft.bread":3,"stat.useItem.minecraft.torch":37,"stat.craftItem.extrautils2.sickle_wood":1,"stat.drop.minecraft.rotten_flesh":3,"stat.pickup.minecraft.crafting_table":4,"stat.useItem.minecraft.log":1,"stat.useItem.minecraft.cobblestone":29,"stat.craftItem.minecraft.crafting_table":3,"stat.mineBlock.quark.stone_speleothem":1,"stat.pickup.minecraft.log":30,"stat.pickup.croparia.apricot":1,"stat.craftItem.minecraft.gold_ingot":26,"stat.pickup.minecraft.chicken":1,"stat.useItem.howlingmoon.silver_sword":31,"stat.killEntity.vampirism.advanced_vampire":1,"stat.pickup.minecraft.sapling":1,"stat.craftItem.iceandfire.bestiary":1,"stat.mineBlock.iceandfire.goldpile":41,"stat.craftItem.minecraft.planks":92,"stat.useItem.minecraft.iron_sword":14,"stat.mineBlock.tconstruct.slime_grass":6,"stat.useItem.croparia.fruit_coal":3,"stat.mineBlock.tconstruct.slime_vine_blue":1,"stat.pickup.minecraft.book":11,"stat.mineBlock.minecraft.log":8,"stat.mineBlock.bigreactors.oreyellorite":1,"stat.pickup.iceandfire.dragonbone":13,"stat.pickup.vampirism.human_heart":1,"stat.sneakTime":5246,"stat.pickup.minecraft.wool":8,"stat.pickup.minecraft.rabbit":4,"stat.drop.botania.mushroom":1,"stat.useItem.minecraft.wooden_axe":41,"stat.killEntity.Hunter":1,"stat.drop.minecraft.stone_pickaxe":1,"stat.pickup.minecraft.bone":1,"stat.craftItem.minecraft.cooked_rabbit":2,"stat.pickup.extrautils2.book":1,"stat.mineBlock.minecraft.cobblestone":19,"stat.mineBlock.iceandfire.chared_stone":5,"stat.craftItem.tombstone.grave_key":1,"stat.pickup.howlingmoon.wolfsbane":2,"stat.useItem.croparia.lemon":3,"stat.pickup.bigreactors.oreyellorite":1,"stat.swimOneCm":51876,"stat.climbOneCm":1411,"stat.drop.minecraft.cobblestone":7,"stat.pickup.minecraft.cooked_porkchop":3,"stat.craftItem.croparia.obsidian_sword":1,"stat.pickup.vampirism.blood_bottle":1,"stat.useItem.minecraft.dirt":7,"stat.useItem.minecraft.stone_slab2":18,"stat.pickup.croparia.fruit_coal":3,"stat.pickup.croparia.seed_crop_coal":7,"stat.pickup.rats.garbage_pile":1,"stat.craftItem.minecraft.furnace":3,"stat.pickup.thermalfoundation.ore":17,"stat.drop.quark.biome_cobblestone":1,"stat.useItem.minecraft.egg":1,"stat.pickup.iceandfire.chain_link":7,"stat.craftItem.minecraft.stone_pickaxe":1,"stat.pickup.minecraft.cobblestone":93,"stat.pickup.rats.herb_bundle":1,"stat.pickup.quark.biome_cobblestone":1,"stat.pickup.vampirism.item_tent":1,"stat.mineBlock.chisel.limestone2":2,"stat.flyOneCm":569714,"stat.pickup.minecraft.sandstone":1,"stat.drop.minecraft.wheat_seeds":1,"stat.drop.bigreactors.ingotyellorium":1,"stat.timeSinceDeath":66209,"stat.pickup.minecraft.mutton":4,"stat.killEntity.seaserpent":1,"stat.mineBlock.thermalfoundation.ore":17,"stat.pickup.minecraft.stonebrick":2,"stat.useItem.minecraft.cooked_porkchop":3,"stat.pickup.minecraft.trapdoor":1,"stat.killEntity.vampirism.vampire_hunter":1,"stat.mineBlock.minecraft.coal_ore":70,"stat.talkedToVillager":4,"stat.pickup.iceandfire.sea_serpent_fang":6,"stat.pickup.minecraft.string":8,"stat.pickup.tombstone.crafting_ingredient":2,"stat.entityKilledBy.Skeleton":1,"stat.craftItem.minecraft.stone_slab2":0,"stat.useItem.rats.plague_stew":1,"stat.killEntity.rat":1,"stat.sprintOneCm":351636,"stat.craftItem.minecraft.stick":44,"stat.craftItem.minecraft.wooden_axe":2,"stat.mineBlock.mekanism.oreblock":29,"stat.mineBlock.minecraft.crafting_table":4,"stat.waystones:waystonesActivated":1,"stat.entityKilledBy.Creeper":2,"stat.useItem.croparia.kiwi":2,"stat.mineBlock.howlingmoon.wolfsbane":1,"stat.mineBlock.quark.marble":8,"stat.mineBlock.minecraft.planks":35,"stat.drop":29,"stat.killEntity.Sheep":8,"stat.craftItem.mekanismtools.osmiumpickaxe":1,"stat.killEntity.Zombie":21,"stat.pickup.iceandfire.chared_dirt":5,"stat.diveOneCm":118193,"stat.entityKilledBy.seaserpent":4,"stat.mineBlock.botania.doubleflower1":1,"stat.pickup.raw_ores.raw_iron":19,"stat.craftItem.minecraft.cooked_porkchop":1,"stat.useItem.croparia.obsidian_sword":175,"stat.useItem.minecraft.chicken":1,"stat.mineBlock.tconstruct.slime_leaves":1,"stat.mineBlock.minecraft.deadbush":1,"stat.mineBlock.tconstruct.slime_dirt":13,"stat.jump":2879,"stat.pickup.minecraft.coal":140,"stat.pickup.minecraft.iron_ingot":1,"stat.pickup.iceandfire.chared_gravel":7,"stat.craftItem.minecraft.bread":3,"stat.pickup.iceandfire.chared_stone":5,"stat.pickup.minecraft.spider_eye":1,"stat.craftItem.minecraft.torch":80,"stat.pickup.minecraft.dirt":12,"stat.craftItem.comforts.sleeping_bag":1,"stat.pickup.iceandfire.fire_dragon_heart":1,"stat.pickup.tconstruct.slime_congealed":35,"stat.mineBlock.minecraft.iron_bars":6,"stat.damageTaken":6061,"stat.pickup.minecraft.leather":3,"stat.mineBlock.minecraft.torch":2,"stat.mineBlock.minecraft.furnace":3,"stat.useItem.minecraft.wooden_pickaxe":36,"stat.pickup.minecraft.log2":15,"stat.pickup.minecraft.reeds":5,"stat.cauldronUsed":1,"stat.pickup.minecraft.bed":1,"tombstone:undead_killed":28,"stat.pickup.minecraft.oak_stairs":4,"stat.entityKilledBy.Zombie":1,"stat.pickup.minecraft.rabbit_hide":1,"stat.damageDealt":12500,"stat.sleepInBed":1,"stat.killEntity.Cow":3,"stat.useItem.minecraft.crafting_table":3,"stat.killEntity.Pig":3,"stat.mineBlock.iceandfire.chared_dirt":5,"stat.craftItem.minecraft.iron_sword":1,"stat.walkOneCm":505237,"stat.pickup.howlingmoon.silver_sword":1,"stat.drop.minecraft.item_frame":2,"stat.pickup.minecraft.stick":1,"stat.drop.extrautils2.book":1,"stat.pickup.mekanism.oreblock":23,"stat.craftItem.extrautils2.book":1,"stat.craftItem.mekanism.ingot":15,"stat.pickup.minecraft.stone":3,"stat.pickup.minecraft.ender_pearl":1,"stat.killEntity.Skeleton":4,"stat.pickup.vampirism.holy_salt":1,"stat.mineBlock.minecraft.stonebrick":4,"stat.killEntity.Chicken":2,"stat.killEntity.Spider":9,"stat.craftItem.iceandfire.armor_red_boots":1,"stat.mobKills":66,"stat.useItem.minecraft.golden_apple":2,"stat.mineBlock.minecraft.leaves":4,"stat.pickup.minecraft.torch":42,"stat.mineBlock.minecraft.stone":87}