{"stat.drop.minecraft.stone_pickaxe":3,"stat.pickup.minecraft.bone":5,"stat.craftItem.minecraft.cooked_rabbit":2,"stat.leaveGame":2,"stat.pickup.minecraft.stone_pickaxe":2,"stat.entityKilledBy.Witch":1,"stat.killEntity.vampirism.vampire":1,"stat.useItem.croparia.lemon":1,"stat.mineBlock.minecraft.sandstone":1,"stat.mineBlock.appliedenergistics2.quartz_ore":1,"stat.useItem.minecraft.mutton":8,"stat.swimOneCm":9935,"stat.useItem.minecraft.planks":83,"stat.climbOneCm":126,"stat.pickup.minecraft.porkchop":16,"stat.pickup.minecraft.glass":1,"stat.pickup.vampirism.blood_bottle":1,"stat.useItem.minecraft.stone_slab2":26,"stat.pickup.croparia.fruit_coal":1,"stat.pickup.minecraft.sand":9,"stat.craftItem.minecraft.furnace":1,"stat.craftItem.minecraft.stone_axe":1,"stat.craftItem.minecraft.stone_pickaxe":2,"stat.pickup.minecraft.cobblestone":33,"stat.mineBlock.chisel.limestone2":1,"stat.pickup.vampirism.item_tent":1,"stat.craftItem.minecraft.stone_sword":1,"stat.flyOneCm":400673,"stat.craftItem.minecraft.glass_bottle":6,"stat.pickup.minecraft.sandstone":1,"stat.pickup.appliedenergistics2.material":1,"stat.mineBlock.minecraft.sand":10,"stat.drop.minecraft.wheat_seeds":1,"stat.pickup.quark.tallow":16,"stat.timeSinceDeath":39127,"stat.pickup.tconstruct.slime_sapling":4,"stat.entityKilledBy.vampirism.vampire":1,"stat.craftItem.minecraft.wooden_pickaxe":1,"stat.pickup.minecraft.mutton":9,"stat.pickup.minecraft.double_plant":2,"stat.craftItem.minecraft.bed":1,"stat.pickup.thermalfoundation.material":19,"stat.furnaceInteraction":40,"stat.pickup.croparia.kiwi":2,"stat.useItem.minecraft.cooked_porkchop":2,"stat.pickup.iceandfire.dragon_skull":2,"stat.killEntity.vampirism.vampire_hunter":2,"stat.mineBlock.minecraft.coal_ore":53,"stat.drop.minecraft.wool":1,"stat.killEntity.Creeper":1,"stat.pickup.minecraft.string":7,"stat.pickup.minecraft.beef":3,"stat.pickup.minecraft.furnace":5,"stat.pickup.croparia.lemon":1,"stat.pickup.tombstone.crafting_ingredient":3,"stat.entityKilledBy.Skeleton":1,"stat.craftItem.tconstruct.slime_boots":2,"stat.craftItem.minecraft.stone_slab2":0,"stat.sprintOneCm":173279,"stat.craftItem.minecraft.wooden_axe":1,"stat.craftItem.minecraft.stick":16,"stat.mineBlock.mekanism.oreblock":5,"stat.mineBlock.minecraft.crafting_table":12,"stat.useItem.croparia.kiwi":2,"stat.deaths":4,"stat.mineBlock.minecraft.planks":1,"stat.drop":18,"stat.playOneMinute":74315,"stat.useItem.minecraft.wooden_sword":11,"stat.drop.minecraft.string":2,"stat.killEntity.Sheep":6,"stat.killEntity.Zombie":1,"stat.mineBlock.minecraft.tallgrass":27,"stat.diveOneCm":18891,"stat.craftItem.minecraft.slime_ball":8,"stat.useItem.minecraft.cooked_rabbit":2,"stat.pickup.raw_ores.raw_iron":20,"stat.pickup.minecraft.arrow":1,"stat.craftItem.minecraft.cooked_porkchop":6,"stat.useItem.minecraft.chicken":5,"stat.useItem.minecraft.apple":1,"stat.jump":1832,"stat.pickup.minecraft.coal":191,"stat.fallOneCm":32686,"stat.useItem.minecraft.stone_axe":43,"stat.crouchOneCm":6203,"stat.craftItem.minecraft.iron_ingot":20,"stat.craftItem.minecraft.torch":8,"stat.pickup.minecraft.dirt":1,"stat.craftItem.minecraft.iron_helmet":1,"stat.pickup.vampirism.vampire_fang":1,"stat.useItem.minecraft.cooked_chicken":1,"stat.craftingTableInteraction":40,"stat.pickup.tconstruct.slime_congealed":25,"stat.useItem.minecraft.sapling":1,"stat.drop.quark.tallow":14,"stat.mineBlock.minecraft.leaves2":4,"stat.mineBlock.minecraft.log2":29,"stat.drop.minecraft.double_plant":2,"stat.damageTaken":2020,"stat.mineBlock.minecraft.furnace":5,"stat.mineBlock.minecraft.torch":3,"stat.useItem.minecraft.wooden_pickaxe":5,"stat.craftItem.minecraft.wooden_sword":1,"stat.pickup.minecraft.log2":29,"stat.pickup.minecraft.planks":1,"stat.pickup.chisel.limestone2":1,"stat.pickup.minecraft.bed":3,"tombstone:undead_killed":8,"stat.pickup.minecraft.wheat_seeds":3,"stat.pickup.minecraft.rabbit_hide":2,"stat.useItem.minecraft.stone_pickaxe":108,"stat.useItem.minecraft.stone_sword":99,"stat.craftItem.minecraft.iron_leggings":1,"stat.damageDealt":5176,"stat.killEntity.Rabbit":3,"stat.craftItem.minecraft.glass":7,"stat.sleepInBed":1,"stat.mineBlock.minecraft.dirt":1,"stat.killEntity.Pig":3,"stat.entityKilledBy.if_cockatrice":1,"stat.walkOneCm":155164,"stat.useItem.minecraft.torch":3,"stat.pickup.minecraft.crafting_table":12,"stat.pickup.mekanism.oreblock":5,"stat.craftItem.minecraft.crafting_table":1,"stat.pickup.minecraft.log":8,"stat.craftItem.minecraft.iron_chestplate":1,"stat.pickup.minecraft.chicken":6,"stat.pickup.minecraft.sapling":3,"stat.useItem.croparia.banana":2,"stat.pickup.minecraft.apple":1,"stat.mineBlock.thermalfoundation.ore_fluid":10,"stat.killEntity.Skeleton":7,"stat.craftItem.minecraft.planks":148,"stat.useItem.croparia.fruit_coal":1,"stat.killEntity.Spider":7,"stat.pickup.croparia.banana":2,"stat.mobKills":38,"stat.mineBlock.minecraft.log":9,"stat.craftItem.minecraft.cooked_chicken":1,"stat.pickup.iceandfire.dragonbone":21,"stat.pickup.vampirism.human_heart":1,"stat.pickup.minecraft.torch":3,"stat.sneakTime":3414,"stat.pickup.minecraft.wool":6,"stat.pickup.minecraft.rabbit":2,"stat.useItem.minecraft.wooden_axe":22,"stat.mineBlock.minecraft.stone":34}