{"stat.mineBlock.quark.jasper":57,"stat.pickup.minecraft.bone":7,"stat.craftItem.caves_and_cliffs.copper_ingot":10,"stat.leaveGame":3,"stat.mineBlock.minecraft.cobblestone":2,"stat.pickup.minecraft.flint":1,"stat.killEntity.vampirism.vampire":2,"stat.useItem.croparia.lemon":1,"stat.mineBlock.minecraft.sandstone":205,"stat.mineBlock.appliedenergistics2.quartz_ore":12,"stat.swimOneCm":16857,"stat.craftItem.thermalfoundation.armor.legs_copper":1,"stat.mineBlock.quark.roots":1,"stat.useItem.minecraft.stone_slab2":29,"stat.pickup.croparia.seed_crop_coal":1,"stat.pickup.minecraft.rotten_flesh":3,"stat.pickup.minecraft.sand":66,"stat.craftItem.minecraft.furnace":6,"stat.pickup.thermalfoundation.ore":104,"stat.craftItem.thermalfoundation.tool.pickaxe_copper":2,"stat.craftItem.minecraft.stone_axe":1,"stat.craftItem.minecraft.stone_pickaxe":3,"stat.pickup.croparia.pear":2,"stat.pickup.minecraft.cobblestone":1058,"stat.useItem.mekanismtools.osmiumpickaxe":927,"stat.mineBlock.minecraft.clay":37,"stat.mineBlock.chisel.limestone2":215,"stat.flyOneCm":65963,"stat.pickup.minecraft.sandstone":214,"stat.entityKilledBy.firedragon":2,"stat.pickup.appliedenergistics2.material":17,"stat.mineBlock.minecraft.sand":39,"stat.mineBlock.minecraft.iron_ore":8,"stat.timeSinceDeath":60583,"stat.useItem.minecraft.iron_pickaxe":921,"stat.entityKilledBy.vampirism.vampire":1,"stat.craftItem.minecraft.wooden_pickaxe":1,"stat.useItem.croparia.pear":2,"stat.mineBlock.chisel.marble2":233,"stat.pickup.thermalfoundation.material":11,"stat.mineBlock.thermalfoundation.ore":104,"stat.furnaceInteraction":51,"stat.pickup.croparia.kiwi":2,"stat.mineBlock.botania.flower":1,"stat.killEntity.ZombieVillager":1,"stat.mineBlock.minecraft.coal_ore":280,"stat.craftItem.thermalfoundation.material":49,"stat.drop.minecraft.log2":1,"stat.pickup.croparia.lemon":1,"stat.pickup.tombstone.crafting_ingredient":1,"stat.entityKilledBy.Skeleton":5,"stat.sprintOneCm":61592,"stat.craftItem.minecraft.stick":36,"stat.mineBlock.mekanism.oreblock":99,"stat.craftItem.minecraft.stone":8,"stat.mineBlock.minecraft.crafting_table":1,"stat.useItem.minecraft.carrot":1,"stat.entityKilledBy.Creeper":1,"stat.pickup.botania.flower":1,"stat.deaths":16,"stat.drop":1,"stat.playOneMinute":222295,"stat.craftItem.minecraft.iron_pickaxe":4,"stat.craftItem.mekanismtools.osmiumpickaxe":2,"stat.killEntity.Zombie":1,"stat.craftItem.minecraft.dye":9,"stat.entityKilledBy.rat":2,"stat.pickup.chisel.marble2":232,"stat.mineBlock.minecraft.tallgrass":15,"stat.diveOneCm":11334,"stat.craftItem.minecraft.sandstone":164,"stat.mineBlock.botania.doubleflower1":1,"stat.pickup.minecraft.gravel":8,"stat.pickup.minecraft.arrow":6,"stat.pickup.raw_ores.raw_iron":131,"stat.pickup.thermalfoundation.tool.pickaxe_copper":1,"stat.mineBlock.minecraft.deadbush":4,"stat.pickup.quark.jasper":53,"stat.craftItem.minecraft.coal":2,"stat.jump":1399,"stat.useItem.minecraft.sand":1,"stat.pickup.minecraft.coal":281,"stat.fallOneCm":26756,"stat.pickup.minecraft.carrot":2,"stat.useItem.minecraft.stone_axe":8,"stat.crouchOneCm":369,"stat.craftItem.minecraft.torch":52,"stat.craftItem.minecraft.iron_ingot":52,"stat.pickup.minecraft.dirt":17,"stat.craftItem.minecraft.iron_helmet":1,"stat.pickup.vampirism.vampire_fang":1,"stat.craftingTableInteraction":35,"stat.pickup.minecraft.iron_ore":8,"stat.pickup.iceandfire.silver_ore":6,"stat.useItem.minecraft.sapling":3,"stat.mineBlock.minecraft.leaves2":6,"stat.mineBlock.minecraft.log2":22,"stat.pickup.taiga.dilithium_crystal":28,"stat.damageTaken":4380,"stat.mineBlock.minecraft.torch":5,"stat.useItem.minecraft.wooden_pickaxe":16,"stat.pickup.minecraft.log2":23,"stat.mineBlock.caves_and_cliffs.copper_ore":45,"stat.pickup.taiga.basalt_block":1,"stat.pickup.chisel.limestone2":206,"stat.useItem.thermalfoundation.tool.pickaxe_copper":349,"tombstone:undead_killed":4,"stat.pickup.minecraft.wheat_seeds":7,"stat.entityKilledBy.Zombie":1,"stat.mineBlock.minecraft.gravel":9,"stat.useItem.minecraft.stone_pickaxe":238,"stat.damageDealt":2360,"stat.mineBlock.quark.roots_blue_flower":1,"stat.mineBlock.minecraft.dirt":2,"stat.useItem.croparia.apricot":1,"stat.walkOneCm":690600,"stat.useItem.minecraft.torch":24,"stat.useItem.quark.custom_chest":4,"stat.pickup.minecraft.stick":6,"stat.useItem.croparia.cherry":1,"stat.mineBlock.iceandfire.silver_ore":6,"stat.craftItem.quark.custom_chest":3,"stat.pickup.minecraft.crafting_table":1,"stat.pickup.mekanism.oreblock":99,"stat.pickup.minecraft.clay_ball":148,"stat.useItem.minecraft.cobblestone":77,"stat.craftItem.minecraft.crafting_table":1,"stat.useItem.minecraft.gravel":1,"stat.mineBlock.taiga.basalt_block":1,"stat.craftItem.mekanism.ingot":6,"stat.mineBlock.quark.stone_speleothem":1,"stat.pickup.quark.root_flower":1,"stat.craftItem.minecraft.iron_chestplate":1,"stat.pickup.caves_and_cliffs.copper_ore":45,"stat.pickup.minecraft.sapling":6,"stat.mineBlock.thermalfoundation.ore_fluid":11,"stat.killEntity.Skeleton":2,"stat.craftItem.minecraft.bucket":2,"stat.craftItem.minecraft.planks":76,"stat.pickup.quark.root":1,"stat.mobKills":7,"stat.mineBlock.taiga.dilithium_ore":14,"stat.pickup.croparia.cherry":1,"stat.entityKilledBy.Husk":3,"stat.pickup.minecraft.torch":6,"stat.sneakTime":70,"stat.craftItem.thermalfoundation.armor.boots_copper":1,"stat.pickup.minecraft.yellow_flower":1,"stat.mineBlock.minecraft.stone":1064,"stat.useItem.minecraft.sandstone":17}